{
  "actor_lr": 0.1,
  "critic_lr": 0.0001,
  "stopping_episode": 215,
  "total_episodes": 316,
  "all_rewards": [
    -43837.91198260724,
    -49380.888853712735,
    -44125.21292397516,
    -46486.66259557937,
    -43812.6092241532,
    -37864.884307932996,
    -42061.76299054199,
    -45057.73306637858,
    -44306.55571332028,
    -46962.17736852776,
    -47935.47034652147,
    -42949.70652724843,
    -42823.2411859635,
    -39882.06955578366,
    -39417.80150681554,
    -43885.07813884251,
    -41328.08329443275,
    -41497.22626634045,
    -45677.616489932516,
    -45017.41168480365,
    -42519.127094265896,
    -42781.1576836404,
    -51115.19297789501,
    -44082.940248419945,
    -41392.309028128184,
    -44402.20904734546,
    -45777.27307304325,
    -44817.078321886205,
    -44197.501539449775,
    -47163.156677358194,
    -43257.81443387357,
    -48687.93822435534,
    -52333.6278042076,
    -42778.23416364213,
    -43771.82445064286,
    -49528.24777771357,
    -47744.20759851233,
    -40883.14375783266,
    -46218.928632819996,
    -43447.700394526364,
    -39605.252196314,
    -47228.54935755095,
    -41785.40724864855,
    -42987.27648704193,
    -43550.07194575362,
    -41127.80411369963,
    -46752.3446794929,
    -47205.26907501374,
    -47671.63516178892,
    -44203.84176729004,
    -41875.74208471456,
    -46658.7992746786,
    -44130.17786842698,
    -43069.04603704323,
    -49814.83158815135,
    -38602.96908380984,
    -46054.68745776057,
    -45435.15977481671,
    -44720.96069128759,
    -44571.728687796705,
    -49562.4301221526,
    -47249.24368503894,
    -42219.763992114895,
    -42006.44726599577,
    -48869.45377297476,
    -48300.35270854195,
    -44406.81829017983,
    -45094.50759299167,
    -44889.382160401205,
    -46791.561172347334,
    -44353.69637147905,
    -45409.5450099682,
    -44896.473189063254,
    -47975.76754456292,
    -48019.9962699266,
    -42609.42827994867,
    -47381.06409945559,
    -45788.79255406912,
    -46988.3301759215,
    -45497.84083382195,
    -45120.96108328157,
    -46903.983034907156,
    -40781.02632094138,
    -43145.26428866912,
    -42767.062158831206,
    -48838.83328657218,
    -42038.61801638044,
    -48128.71876829513,
    -38551.76160359378,
    -47554.241460991805,
    -39513.73329234471,
    -46171.64629098336,
    -46924.48614917126,
    -40279.9328958625,
    -42508.31396516008,
    -42454.3933379008,
    -41514.397114698644,
    -45665.250439842705,
    -40983.31288710281,
    -37763.03360214133,
    -43168.566464108546,
    -45150.3097085633,
    -46558.86056326171,
    -40954.288598587096,
    -46194.149404275086,
    -45542.666616662296,
    -43565.15557305017,
    -48829.36200113353,
    -39751.30223803403,
    -44296.577982581235,
    -38028.17867654668,
    -42542.860939886996,
    -44095.54328705391,
    -43825.667095778095,
    -45102.65664277373,
    -43866.04467990173,
    -43018.03926620337,
    -43581.197303339075,
    -45119.1744096696,
    -45029.69783947308,
    -39653.33577340033,
    -43755.867703652795,
    -44289.02278946932,
    -46299.1665537591,
    -45731.166191976175,
    -44325.884738100016,
    -46173.440621142836,
    -41589.429643654126,
    -46846.66792341048,
    -40900.204917571784,
    -43061.88658420929,
    -49796.58167983811,
    -41912.36497414711,
    -43463.94118161967,
    -47036.552577601215,
    -44043.89723571714,
    -44820.190980214,
    -44081.27715126416,
    -47537.330120298604,
    -39808.87764351954,
    -40056.14415924482,
    -43470.21054299789,
    -47653.07642134414,
    -44527.46219762122,
    -38874.011571931456,
    -42847.45971045656,
    -40567.24010735463,
    -43291.590235726944,
    -41563.57077962709,
    -41813.45743000167,
    -38357.148275114145,
    -46557.65527317416,
    -47466.79442784057,
    -48775.35218893222,
    -41908.18050851443,
    -40806.27419000853,
    -47247.96800797438,
    -46480.30237969504,
    -46888.7269245819,
    -45814.71629055428,
    -44234.33003134045,
    -46495.41393965513,
    -47154.62315386249,
    -41371.29852029284,
    -42122.826498778784,
    -47786.679174160905,
    -45225.64647030601,
    -43229.86615864472,
    -42486.36383307622,
    -44187.12832862879,
    -44561.433942660944,
    -43018.00846983388,
    -44897.856161202864,
    -41562.16484841048,
    -40180.34285399517,
    -43222.26791371008,
    -39108.693324498156,
    -45752.03132503245,
    -38548.41314340802,
    -44984.04836442318,
    -42548.4083578957,
    -45480.262784545615,
    -44691.2955927348,
    -44524.855270621556,
    -42089.46876346081,
    -45103.7480322092,
    -44355.64172101206,
    -40666.66373994449,
    -42291.81424553445,
    -43885.338269940556,
    -46576.00045743312,
    -47171.581055471135,
    -45744.804882848344,
    -42472.280408475206,
    -46361.425666558935,
    -48051.57878928507,
    -47938.49361202918,
    -41803.877102284096,
    -41815.666458124666,
    -38286.829841306506,
    -42456.68385269641,
    -43378.579415590815,
    -41675.81529150855,
    -43753.87806843024,
    -44051.85936064796,
    -45713.81395694411,
    -39909.92773521907,
    -41644.04191365534,
    -44767.5779385817,
    -51952.985923594955,
    -45369.61531963194,
    -39884.968996898184,
    -46852.21616024295,
    -44102.822162559896,
    -46982.330167137814,
    -46418.260993376505,
    -44982.21674996597,
    -40556.13991413591,
    -44970.19609147657,
    -44687.035803532395,
    -45496.118235702095,
    -40049.79545069385,
    -35104.12814534044,
    -42741.77583242949,
    -43805.78802265062,
    -47282.04304887878,
    -39503.82470659519,
    -42847.373169342696,
    -46728.60919869153,
    -47067.76608879508,
    -45376.97198313014,
    -41116.38187749265,
    -47023.03209618832,
    -42105.57612376957,
    -41681.48264221516,
    -47828.48417563698,
    -40131.73118190873,
    -54060.920403429576,
    -44222.097119067585,
    -44958.73782686427,
    -45239.07328426839,
    -46084.40004710572,
    -45757.31340358863,
    -47554.37510578072,
    -46217.639859901,
    -46909.38396806689,
    -39586.07653984971,
    -44951.3572501629,
    -44258.34216190917,
    -43092.88937029742,
    -43434.44355569818,
    -43024.194680228444,
    -49704.66502046764,
    -38996.604243471185,
    -39481.75822521472,
    -41525.37183966133,
    -42105.76952423293,
    -44864.527917681844,
    -44146.27777729929,
    -43975.61575712206,
    -37016.13642342498,
    -39695.16316353022,
    -46903.20498864395,
    -41219.25995808019,
    -46172.3345062742,
    -43299.20184825878,
    -45194.83641144387,
    -44016.580831840554,
    -39943.38941240653,
    -47305.74038696881,
    -39831.57728600557,
    -42074.72788523737,
    -42696.40630836299,
    -41827.0590175007,
    -48512.86746961708,
    -44273.69334416995,
    -47161.42908125099,
    -45042.41069369385,
    -39349.09483158522,
    -41691.81115554488,
    -46755.67215420906,
    -47778.31589536979,
    -47052.75150862782,
    -42851.46137497721,
    -44442.18100659535,
    -41229.894879773994,
    -43299.412992918304,
    -40598.87475994676,
    -50611.009696659545,
    -49108.35863135967,
    -41345.7898543133,
    -47850.27204913106,
    -43305.269433196874,
    -43570.76869422419,
    -38366.211523997685,
    -47104.373128284176,
    -44346.37269713828,
    -45539.44785318705,
    -45696.93003430291,
    -42731.91671110324,
    -39878.84699534558,
    -47083.032256443126,
    -48887.28080246177,
    -50034.990175833795,
    -41487.618125752604,
    -43118.961065390526,
    -39341.016175216566,
    -46161.39657717408,
    -45923.546321701375,
    -41687.56521131924,
    -45824.669424636675,
    -37711.86841284457,
    -42903.70982663134,
    -45978.546069510805,
    -46582.78564852362,
    -43448.88399336613
  ],
  "final_reward": -43448.88399336613,