{
  "actor_lr": 0.1,
  "critic_lr": 0.0001,
  "stopping_episode": 269,
  "total_episodes": 370,
  "all_rewards": [
    -42948.45007820798,
    -39840.07950652563,
    -42349.08460436034,
    -49403.15335347472,
    -45415.41511481305,
    -45413.5703899446,
    -45127.09386981477,
    -46460.91103178402,
    -38246.52289575721,
    -40707.68997123654,
    -39158.71161390358,
    -38168.15955881546,
    -45873.23527503114,
    -39917.329576845914,
    -40913.490733784456,
    -38851.633819321796,
    -42466.72220093876,
    -42318.512936495375,
    -39613.094092722225,
    -41458.49159807339,
    -42911.715149856725,
    -42065.389295400004,
    -38583.020417574866,
    -40942.324302516245,
    -40046.41998471001,
    -42207.348902105325,
    -42682.506061758584,
    -40586.78395212372,
    -40043.565816390765,
    -41090.649635589354,
    -39393.20505265669,
    -42166.67771881078,
    -41750.93640403266,
    -40277.81606135812,
    -42641.11648177594,
    -42615.48050229362,
    -39926.43970063095,
    -38253.21049013054,
    -42708.43306138138,
    -45597.76154713456,
    -40672.888094506576,
    -38900.375506502896,
    -43717.70095129322,
    -42995.693179846785,
    -40347.380538361576,
    -40822.59346235229,
    -40444.79340346849,
    -41583.05012045806,
    -43239.345488741004,
    -40887.490676367335,
    -38337.832126402194,
    -38018.71535681554,
    -43747.00728080923,
    -39976.3133926055,
    -39103.88325105094,
    -41324.12354359464,
    -45251.929480836414,
    -40608.81903631543,
    -41001.434185755614,
    -41155.06788551678,
    -41000.74305235965,
    -40963.600561799976,
    -37590.77636484222,
    -37622.143777677426,
    -40773.49638383238,
    -45261.88038592178,
    -42958.53758613271,
    -42352.34288967837,
    -40191.068594317585,
    -37655.59200577067,
    -38562.313734427575,
    -36067.5047210827,
    -42318.27579045202,
    -44311.5301683944,
    -43315.01129117567,
    -38967.77494454621,
    -37178.305199519586,
    -41735.18503601274,
    -39567.88921562958,
    -39404.79047645761,
    -38487.93160082208,
    -45750.5018522634,
    -45783.4857018683,
    -40593.218286316354,
    -41977.913136878255,
    -43927.60824125286,
    -38202.69638462604,
    -38266.81855896136,
    -44433.533592739266,
    -35847.348013742,
    -45566.60678757111,
    -36904.27311092183,
    -37528.76680116639,
    -40875.21319935829,
    -36795.97926008633,
    -38669.355843923666,
    -37698.92794568263,
    -47257.89301110734,
    -42431.54194894032,
    -39001.44084332424,
    -39693.676757769885,
    -40181.621258381696,
    -37618.372880723495,
    -42001.9510172259,
    -46764.50125295919,
    -45818.10036908829,
    -44901.79295468456,
    -37831.32580707218,
    -43284.328500809395,
    -37462.067329043864,
    -44348.24423704036,
    -40881.5207746842,
    -37466.766722992834,
    -38104.14997135418,
    -39149.08731405491,
    -39350.174254724894,
    -39610.54165648202,
    -39120.23478225794,
    -41603.12772351037,
    -35833.04234070523,
    -44557.18922613467,
    -42500.91276756949,
    -43382.02536691781,
    -40203.39273309872,
    -38998.72771019253,
    -41898.168888533015,
    -38634.54404386362,
    -38790.40500552102,
    -42377.91680962246,
    -40760.40312548846,
    -38011.33269883884,
    -43947.04307337498,
    -40298.13852757173,
    -41189.126950131016,
    -42618.90100664019,
    -39937.760833888424,
    -45713.9572074643,
    -42947.035821962745,
    -37047.33085804341,
    -39897.15561992109,
    -42565.73186120654,
    -41834.082372928155,
    -43962.17244096086,
    -45492.228965203285,
    -39103.32226548188,
    -39665.906664483766,
    -47828.205298845736,
    -46467.34906686572,
    -41294.207360556575,
    -38540.89329709258,
    -50124.109618070186,
    -38789.63048997043,
    -40868.90551835003,
    -39000.10646483561,
    -41026.33178123686,
    -40215.06990520691,
    -38620.51944417057,
    -39611.246599506354,
    -40156.35107642715,
    -41331.120836348404,
    -42415.39435003176,
    -40823.19498896162,
    -43534.426068850924,
    -42916.22919989582,
    -38652.63398483,
    -42743.0559536522,
    -43720.08094224004,
    -39161.865689009486,
    -39461.56674198823,
    -40015.94343679185,
    -45627.7552787416,
    -44847.542887964075,
    -40473.62700697688,
    -38966.304050422186,
    -41872.60484986713,
    -39990.99128422718,
    -45999.059175982926,
    -41958.78932180899,
    -35796.327742492664,
    -41259.774600230565,
    -35380.207578508045,
    -42031.03360106619,
    -35680.24772912994,
    -44890.20799127099,
    -43678.9370545526,
    -42066.54983982013,
    -38942.366709592556,
    -38099.45942873028,
    -39594.100788969605,
    -42458.06871760235,
    -39253.50791904346,
    -41005.11389128348,
    -39971.40073733761,
    -41307.63044822599,
    -40791.72766225005,
    -39569.94662942098,
    -35326.711569873296,
    -41560.45764337604,
    -43469.62022202982,
    -43492.43189963824,
    -37995.71716481646,
    -45512.270555548785,
    -46953.91668294983,
    -34766.17189319062,
    -43689.717889676656,
    -42490.08134567473,
    -41543.01144042678,
    -39662.02054179455,
    -40850.30040050108,
    -38056.861557323085,
    -42092.82357070308,
    -42342.29993911137,
    -40827.88426677105,
    -39326.70146298565,
    -41092.987946349465,
    -42575.59225757224,
    -43373.815032943494,
    -44609.796861458584,
    -44310.327711738544,
    -35226.66311568243,
    -45808.586314099615,
    -36785.25179635591,
    -40122.40064159581,
    -48199.719735087085,
    -41743.20843576731,
    -40280.4106812395,
    -37952.31520997664,
    -44003.09319042607,
    -42788.9170085765,
    -42693.38766404321,
    -39765.618834618675,
    -35536.16381641882,
    -37566.568772598504,
    -37129.91386478837,
    -41276.703618792395,
    -38558.8328019167,
    -41810.38226000539,
    -40399.16503255987,
    -36992.59391323524,
    -36951.184179376614,
    -39484.68384301542,
    -37487.422573708856,
    -39103.7775147265,
    -42051.02969901046,
    -42657.473189208,
    -40154.72194654364,
    -39907.22951484816,
    -42314.79658236368,
    -44810.308697208995,
    -37371.54679650668,
    -40679.10647077897,
    -41499.68806520266,
    -43605.12501417884,
    -39671.976589433514,
    -42236.0178303263,
    -43846.606835571,
    -40794.02624979991,
    -37160.26839357777,
    -42877.94187575488,
    -39719.27189123231,
    -45945.83233118752,
    -42981.91943834135,
    -39854.95637998012,
    -34774.60779450259,
    -47800.83869041752,
    -39893.312029641755,
    -47019.61780267116,
    -38948.607458240454,
    -43281.27933931636,
    -37675.581384225836,
    -38944.0241844913,
    -42025.70802853851,
    -39494.02817267338,
    -39659.7466742366,
    -44474.66681315368,
    -42859.55031967182,
    -43896.50370499675,
    -39885.41667489376,
    -43727.92243262356,
    -41738.942674481834,
    -40479.66360879069,
    -39733.2134638533,
    -40696.45660215305,
    -41114.23597920088,
    -37686.20464826354,
    -39928.38022538174,
    -40906.931557651136,
    -38470.824435840565,
    -40865.50188980887,
    -43060.987851668004,
    -41548.29516132444,
    -37332.75779930783,
    -40582.91276826148,
    -39999.31995325243,
    -37447.40982533369,
    -37619.22470115154,
    -42741.31510984925,
    -45126.10585790523,
    -41214.90028682407,
    -36099.12754809718,
    -42603.866259486276,
    -40774.93871063573,
    -39514.73643493924,
    -40045.57979738655,
    -40161.07575901563,
    -41783.55075963207,
    -42370.37452856796,
    -38788.559100553626,
    -42757.81962903672,
    -33816.58697384581,
    -42042.508507368984,
    -39597.34086387855,
    -41315.53226424863,
    -39395.32188974084,
    -43872.33791996268,
    -39050.96175236993,
    -46350.951131191556,
    -38553.686143299805,
    -39054.73997225078,
    -43470.030075236595,
    -39047.8058077085,
    -38963.385037001884,
    -41462.67375386774,
    -40110.906134110075,
    -45782.55725105382,
