{
  "actor_lr": 0.1,
  "critic_lr": 0.01,
  "stopping_episode": 188,
  "total_episodes": 289,
  "all_rewards": [
    -49724.83682821226,
    -42541.86617646161,
    -36377.71972879274,
    -38260.434316846746,
    -43502.78985473161,
    -39046.464929253954,
    -33475.74790024651,
    -34306.271986207685,
    -33707.26262581607,
    -37967.53884016992,
    -31513.163043254783,
    -34325.67190911269,
    -36339.59301290329,
    -31966.71986267753,
    -31678.91000861716,
    -37774.96994070805,
    -34554.08553964753,
    -35120.24170030425,
    -34191.61713012306,
    -34168.30313603023,
    -31819.81592280079,
    -36635.6332817401,
    -32789.35220116816,
    -36466.75606682235,
    -38952.84809532888,
    -32855.40389486223,
    -36930.06012749101,
    -39565.045259664425,
    -34901.14110219803,
    -32567.484044219636,
    -38608.26026518864,
    -32443.146400200312,
    -39764.34687596523,
    -39321.3885739664,
    -37348.35970081047,
    -36443.532938095865,
    -35001.2867585854,
    -34470.8690075857,
    -36971.32887439282,
    -32355.897184939076,
    -35568.801005855836,
    -38228.231693495574,
    -33532.906057780856,
    -31589.728109858428,
    -32574.453742977334,
    -36127.795646647144,
    -33627.75455506862,
    -35964.314231101,
    -32949.14467277527,
    -38433.435613829,
    -34304.660151894626,
    -36570.01244234942,
    -30296.34955613963,
    -32278.112704622738,
    -34833.40069481527,
    -37480.31010900715,
    -31274.379706134765,
    -32567.75661494347,
    -38442.34748734651,
    -31337.03124175958,
    -36080.4965572154,
    -36118.963752276526,
    -37861.72692410895,
    -34779.09314097247,
    -35731.19354340699,
    -31649.900138509045,
    -38040.46285643504,
    -32391.365821192085,
    -36498.23156198729,
    -31943.40345900241,
    -34781.562886481384,
    -38432.67768685134,
    -31138.557681984756,
    -41939.805511079976,
    -31738.439154799184,
    -37430.58715874356,
    -34684.757053840585,
    -36629.155356162184,
    -35094.48403379058,
    -35803.29518419826,
    -36949.20054317057,
    -30813.94678108213,
    -33627.66801474139,
    -37756.041862257036,
    -38605.96386719469,
    -38829.32991512383,
    -33130.44460693227,
    -33810.204376361944,
    -36097.9230419671,
    -30618.13391120006,
    -35739.18709477201,
    -34898.40644752045,
    -35935.55335208619,
    -35903.53558911716,
    -34687.170869821384,
    -37599.28319031207,
    -38939.560080840936,
    -37178.41017912989,
    -39183.540013165926,
    -36502.79176678407,
    -31595.773551410777,
    -36091.319896241504,
    -34993.25110485939,
    -31887.35447520379,
    -39212.307734322254,
    -38562.748448786915,
    -32648.90101819402,
    -33665.04369036049,
    -30130.694170266604,
    -34422.06952249298,
    -35948.27457808652,
    -37448.03099602996,
    -36300.03554733795,
    -31780.038209116967,
    -34901.9740005796,
    -36866.05129504062,
    -37727.47413865633,
    -35628.24377276319,
    -30945.479926212443,
    -39135.33937592915,
    -36225.45532759932,
    -36065.40119478844,
    -37418.18591889369,
    -33580.594561778445,
    -36164.838161188876,
    -35346.13696664718,
    -40135.93433005699,
    -37796.312470323326,
    -39374.887174496966,
    -39232.17080985268,
    -37999.415914639074,
    -29990.530300123217,
    -31828.455677523845,
    -35885.8643277898,
    -31089.576643132124,
    -37427.99121142077,
    -35921.33056369986,
    -35960.04606909486,
    -31949.748690743152,
    -32728.419362240646,
    -35291.88036623562,
    -32319.818423303834,
    -34428.52403601706,
    -33515.27381513458,
    -35374.73680997928,
    -35401.15351703237,
    -35477.62808847212,
    -38482.18132347794,
    -33380.662241663864,
    -37621.68534101897,
    -40948.94885105317,
    -32641.2688038745,
    -34464.20847199225,
    -28704.64124296476,
    -29672.340267306332,
    -34151.073491933814,
    -36524.90494013778,
    -33770.59085760855,
    -37885.65773554538,
    -39238.29650239251,
    -35421.325520810686,
    -32138.208145685734,
    -40392.856263297836,
    -32416.749508706635,
    -35951.04463014168,
    -37243.34854386971,
    -39470.21899457072,
    -36078.40375691668,
    -33848.70501335789,
    -35318.740416521956,
    -37702.30781160721,
    -35479.22154990241,
    -36417.04009334728,
    -35405.226435998375,
    -38063.58568171812,
    -32829.994134374225,
    -31535.35652238334,
    -36743.41808814034,
    -35315.89906291274,
    -32851.7763569675,
    -32692.61899000734,
    -34732.69867266773,
    -30867.307532989333,
    -33318.565922323825,
    -32663.646671397622,
    -36155.83899102675,
    -30581.659550181885,
    -35252.606311582145,
    -32494.5938673485,
    -30186.33419673802,
    -36854.9865332383,
    -35344.73084155969,
    -33111.404333465434,
    -36828.17639503214,
    -34040.56789644567,
    -30896.54834380983,
    -35256.29971400118,
    -31546.020165637514,
    -33778.401295225594,
    -36056.09954140863,
    -29047.362056383397,
    -36698.1058615774,
    -33545.24181016077,
    -27098.820452743723,
    -39090.228450521594,
    -33404.46210665456,
    -35429.618228665735,
    -36030.86540497968,
    -32411.26398656375,
    -39016.574159415126,
    -32349.53516118104,
    -31265.730699072046,
    -33924.35546727035,
    -35961.9719481992,
    -36614.50091118153,
    -36948.50731693194,
    -28047.45462456567,
    -34605.29300984079,
    -33090.94676012441,
    -38203.64456671385,
    -38531.90937420989,
    -34958.29686095,
    -30003.007255757235,
    -36962.85654891483,
    -34423.48383855854,
    -34490.281816045535,
    -34312.728801422585,
    -32884.02448406262,
    -35645.34830164728,
    -34081.12314288401,
    -36243.52043846329,
    -33177.34822184829,
    -36001.36680821532,
    -33814.38860059844,
    -29792.402028472792,
    -34451.730528310145,
    -35083.11150133422,
    -31451.409352221664,
    -31558.706075624978,
    -31490.779805519192,
    -29918.41863134696,
    -32829.26455778602,
    -35078.81835216273,
    -35132.58837804757,
    -33613.452812305644,
    -35701.9294489086,
    -30752.620597727582,
    -34778.744323807994,
    -33946.53113619892,
    -30919.847356622835,
    -35061.925039437185,
    -33455.472151210226,
    -31877.699162754463,
    -33608.84457558859,
    -35375.72467706927,
    -34462.537832065835,
    -40164.9979467531,
    -38264.45302451335,
    -30476.934670218056,
    -33212.69718956177,
    -37142.0576966513,
    -34670.26034957882,
    -37084.22022860861,
    -32954.264332095976,
    -36176.94320935448,
    -34252.69568184562,
    -34491.47526213709,
    -38275.34278229127,
    -34522.34031519928,
    -30958.045629669992,
    -33720.15440336102,
    -30867.73801541502,
    -34072.209095970975,
    -28403.343757322404,
    -37033.68160595931,
    -28369.61934493926,
    -35758.55179689419,
    -32490.759658746138,
    -36846.33224950234,
    -34895.01868701849,
    -34913.2137969621,
    -35260.3990924187,
    -33066.88916935211,
    -34406.389172752635,
    -38189.85605415103,
    -29222.384513706675,
    -33606.86841254876,
    -35905.218087803994,
    -34234.0885371753
  ],
  "final_reward": -34234.0885371753,
  "per_actor_stopped": [
    161,
    161,
    161,
    161,
    161,
    161,
    161,
    161,
    161,
    161,
    161,
    161,
    161,
    161,
    161,
    168,
    161,
    161,
    161,
    172,
    161,
    188,
    161,
    161,
    168,
    161,
    161,
    164,
    161,
    161,
    161,
    162,
    161,
    161,
    161,
    161,
    161,
    161,
    166,
    161,
    161,
    161,
    161,
    161,
    161,
    161,
    164,
    161,
    161,
    161
  ]
}