{
  "actor_lr": 0.1,
  "critic_lr": 0.0001,
  "max_grad_norm": 1.0,
  "stopping_episode": 211,
  "total_episodes": 312,
  "all_rewards": [
    -43028.531890236496,
    -44260.555732839544,
    -31970.84980349171,
    -39569.58594671811,
    -35387.185320376,
    -38985.29324132505,
    -32472.872062751692,
    -36377.262533467896,
    -38446.00413281723,
    -36262.03879761799,
    -34521.51312730163,
    -33741.84964593677,
    -39389.90940909705,
    -40270.44639490069,
    -32797.38756922164,
    -37923.101378121195,
    -38833.313985095796,
    -41679.69674910199,
    -35735.58648703599,
    -40207.18330906835,
    -34180.86145391474,
    -38888.82102323713,
    -36112.35999849104,
    -33371.427869233616,
    -34395.947377294,
    -32397.53988552097,
    -38412.42970688293,
    -35183.69867033479,
    -34798.92575462514,
    -33689.92048301321,
    -37600.02765401099,
    -36322.41686538555,
    -39049.980731106254,
    -39222.72958327191,
    -37341.16077696501,
    -30978.536914281838,
    -38733.379671866074,
    -34014.08696519135,
    -36767.058523888474,
    -39390.93461681276,
    -36968.512852691776,
    -31933.83895129199,
    -38774.170174778905,
    -32529.8302004733,
    -38758.8462657736,
    -34660.37266549576,
    -32301.938118413418,
    -34146.246699201656,
    -34381.7654748988,
    -36088.343054206336,
    -34862.663631170326,
    -34259.49777599051,
    -38968.842146540956,
    -38670.80658776447,
    -41367.589965485604,
    -38802.48084887319,
    -36404.4919690079,
    -41066.667825157696,
    -37641.418171078374,
    -38506.09706079483,
    -37851.303545829214,
    -34409.165003558504,
    -31026.782647676195,
    -40767.64405843056,
    -32639.81510343004,
    -42358.77310963166,
    -37082.34439823622,
    -33552.278880073216,
    -36885.32061098112,
    -38393.34944836144,
    -37172.59412665014,
    -38053.36218810511,
    -36181.28921523557,
    -36063.564942254765,
    -34215.563143658095,
    -34929.01003193431,
    -38625.15139742778,
    -33665.73402231215,
    -38074.039756914,
    -37634.80274310443,
    -34181.70471672795,
    -33819.21530038678,
    -39620.625645623404,
    -31948.638593962183,
    -33536.924613088195,
    -35497.43409404008,
    -35452.5208278718,
    -38479.61836414763,
    -36449.811869773206,
    -40159.07151246814,
    -30650.639604731474,
    -39048.59237669393,
    -34939.551777127825,
    -36378.75021595361,
    -36406.076262650335,
    -40155.91201109378,
    -39109.50343758919,
    -35777.88836085184,
    -37298.92624730107,
    -39711.50578410489,
    -36832.29317795692,
    -38800.65684640042,
    -39923.92311087125,
    -34735.12666846659,
    -33424.15206654617,
    -37170.73356699096,
    -37997.67858355395,
    -40643.637708129325,
    -36661.693181719354,
    -37171.558236841476,
    -38273.40261514161,
    -35757.064099087074,
    -39011.24342649896,
    -36233.85164378329,
    -39171.81461028464,
    -33998.80045113391,
    -36965.151445219206,
    -40277.94921772894,
    -42656.39338651555,
    -36934.9296041636,
    -33696.04269939245,
    -38069.42987187599,
    -41568.678339893566,
    -41757.7838784786,
    -37133.58159680838,
    -29613.07024574475,
    -34433.624846638275,
    -41729.566670407854,
    -36690.128393447136,
    -37924.74031046044,
    -33106.4693502528,
    -37032.24777528412,
    -40806.57714108569,
    -37892.13197610179,
    -39072.16007588932,
    -33889.42782152482,
    -33728.15250440512,
    -36619.04885853879,
    -38840.956579086356,
    -40119.86404557337,
    -39523.43346841297,
    -37602.82520883769,
    -30945.04768449283,
    -38295.48894369014,
    -38468.6803993252,
    -41238.25440218472,
    -34545.54382626501,
    -41752.94494918228,
    -33964.498014022734,
    -36956.01109724537,
    -35179.649394912536,
    -37421.14466580492,
    -33767.157270341704,
    -42833.08870884412,
    -34661.56928488453,
    -40235.553870473705,
    -30267.667231033072,
    -32604.79295208674,
    -34665.69252106893,
    -36952.51612892436,
    -32641.858674317817,
    -37149.861087578545,
    -34072.56833622876,
    -37450.60590078855,
    -36777.36958619185,
    -34890.92621839335,
    -40112.711708024326,
    -39123.816477649685,
    -34444.48838756665,
    -37516.8826160072,
    -34570.79273430935,
    -33591.769477521266,
    -32292.478252878635,
    -28285.195000112406,
    -38501.824072016614,
    -38424.56995369228,
    -38205.38883818876,
    -36742.21538905198,
    -36106.37252237925,
    -37717.26084412506,
    -37700.344019973156,
    -39474.87640727061,
    -41819.82426218665,
    -35546.85768102665,
    -40379.48543972168,
    -38183.613603856706,
    -31509.098293533443,
    -37327.99080669688,
    -37482.76786842669,
    -35716.48006374486,
    -35853.69432832609,
    -32701.18322619771,
    -39385.56333053281,
    -41711.070538540735,
    -37960.67962356261,
    -37689.991796237,
    -33909.23450751702,
    -31676.72823872471,
    -34483.79559398921,
    -37313.97227667346,
    -39146.140105451384,
    -32855.99981160402,
    -36695.887174375595,
    -35885.96158343142,
    -36129.82626478198,
    -35895.76511153669,
    -36862.02865714533,
    -40186.85876972252,
    -37819.63931282551,
    -34863.23041971636,
    -34476.883734099916,
    -37638.09528990613,
    -34840.70622205369,
    -38309.52235819961,
    -33984.03540514796,
    -34604.60059052725,
    -31579.864506428188,
    -37098.92832034388,
    -35170.44854418316,
    -38016.429646080804,
    -33118.91819585258,
    -40219.77981971745,
    -34705.04683113472,
    -35815.22931017056,
    -38496.854252710305,
    -39972.320444787205,
    -39791.01827714356,
    -40317.424225413844,
    -37509.49482179669,
    -38531.87694612398,
    -35180.72897651283,
    -36673.849615691055,
    -41874.228796670206,
    -35038.42717097248,
    -37715.87065967429,
    -35215.55683854214,
    -35987.85093288551,
    -35081.03719262091,
    -36642.8408011658,
    -38382.14942390965,
    -39111.59796660723,
    -37217.096897077994,
    -38369.421014979795,
    -38841.72156762486,
    -38138.92434058512,
    -34520.30440325801,
    -33339.46744521982,
    -36937.80754506017,
    -39690.287515877826,
    -35178.88398602447,
    -33147.01352543028,
    -34300.686116163386,
    -34520.280394278554,
    -40618.36835162046,
    -37318.550217384436,
    -37015.826776598115,
    -37539.37229378944,
    -41554.45359823618,
    -35352.734488021946,
    -34164.275943146145,
    -36035.35503540412,
    -36225.541729185046,
    -36089.14158190896,
    -36751.11375997856,
    -38177.0674419561,
    -35130.378177955135,
    -35761.36193622794,
    -34537.8090711352,
    -35179.14324400093,
    -40753.77262583756,
    -37489.216204654476,
    -37096.64099820399,
    -32815.115837042766,
    -39070.46194022659,
    -37231.22832587453,
    -40719.65715873374,
    -35893.46106607229,
    -37370.8496312621,
    -39696.49674463966,
    -36683.947888583134,
    -34038.0932224695,
    -36665.029950795586,
    -43379.45263026677,
    -38763.582738946505,
    -36696.86747301712,
    -35408.87097331781,
    -34645.92040408976,
    -38682.571209524926,
    -38336.53536694924,
    -33245.34170462913,
    -37871.123762647796,
    -34800.61107227766,
    -35981.990725143136,
    -39992.49137789641,
    -38119.935058468975,
    -35876.20887211061,
    -34869.541881131365,
    -37701.18252653878,
    -36997.967463856105,
    -36879.742848054244,
    -32242.482845082875,
    -33925.84956869127,
    -37790.682001741385,
    -40304.89254502887,
    -35809.29355014522,
    -38696.879224561475,
    -34118.915684093154,
    -36414.85012417582,
    -39062.648773578745,
    -38639.47813820673,
    -38280.94086305629,
    -36845.41869415438
  ],
  "final_reward": -36845.41869415438,