{
  "actor_lr": 0.1,
  "critic_lr": 0.1,
  "stopping_episode": 301,
  "total_episodes": 402,
  "all_rewards": [
    -57960.00876369305,
    -61928.90434458142,
    -46621.25338683465,
    -46792.715026852,
    -52049.361389804224,
    -50275.8619126201,
    -51704.556684711635,
    -56525.20635279887,
    -48574.544614582264,
    -52514.973894057504,
    -47802.79885738123,
    -44242.39677167979,
    -50164.3144238597,
    -52613.18190681776,
    -51415.52635894988,
    -49419.38996303934,
    -54430.941690576445,
    -56468.64877600309,
    -53856.473311685266,
    -53010.900042876754,
    -48185.195852318815,
    -49653.02527308752,
    -48654.29619768294,
    -54116.63117261718,
    -55321.10346664626,
    -55912.81662178922,
    -52140.10489225054,
    -51299.7397216227,
    -51929.729973968315,
    -48328.68986590429,
    -52291.61602237945,
    -45525.72758295839,
    -49910.78885126061,
    -55119.18520715074,
    -46267.0960936863,
    -52968.645345304845,
    -49294.86652334754,
    -53065.88893509422,
    -52971.43382421383,
    -51038.94835022339,
    -47368.43634170428,
    -50722.2376379514,
    -54470.08243660139,
    -43596.90668586242,
    -48694.94147575585,
    -48558.95487819825,
    -55252.16306181103,
    -60710.645734699414,
    -47390.38330311425,
    -49586.39911334333,
    -57062.29619485927,
    -46307.917931385186,
    -57579.46417992199,
    -44990.438424404776,
    -50391.23279285713,
    -48933.51240465807,
    -54508.53843029053,
    -57156.74428489177,
    -53040.85777035482,
    -48979.55985568874,
    -54322.29628469539,
    -47727.07719759347,
    -47511.84672344935,
    -56023.14601610479,
    -46159.68420800914,
    -49351.03909670158,
    -52324.26373331247,
    -51925.55459812351,
    -49941.8533940725,
    -46373.295899070574,
    -49003.642647702094,
    -53893.442250173255,
    -52276.33965305009,
    -48855.08952894292,
    -52979.37654147324,
    -53503.0306540772,
    -52389.878016250776,
    -51566.81679319825,
    -45085.77710708866,
    -52343.50263417793,
    -47139.22151230292,
    -48758.078423096784,
    -51543.45792862984,
    -51004.528111910586,
    -48287.60159539753,
    -55479.08554758722,
    -48835.49363694756,
    -51492.886347118154,
    -44956.75579563095,
    -52112.40365078638,
    -55987.12547519635,
    -53811.28518631637,
    -49906.95363308562,
    -47115.1648157676,
    -50259.52631007583,
    -51032.16486609687,
    -55086.28995519723,
    -51734.12734977041,
    -51236.61453145682,
    -50956.45938671071,
    -50911.716108714136,
    -53758.486708976176,
    -53612.04363756485,
    -48549.801819425695,
    -50203.695465718934,
    -53675.73691529744,
    -50863.11414944772,
    -54477.145442074885,
    -51926.43981081634,
    -45916.66070750301,
    -56878.1787847637,
    -50075.08064596058,
    -48181.317455140554,
    -50834.01217474623,
    -51966.452471389326,
    -45193.12060386347,
    -55734.99534790881,
    -52138.415242825846,
    -53160.66136543381,
    -49462.37381686029,
    -59151.958524752146,
    -47533.26983791184,
    -52840.976870510094,
    -50415.02044196473,
    -46033.5595146836,
    -53579.31176443015,
    -50158.57999662503,
    -46791.476413726916,
    -54425.37166828396,
    -50240.44670933473,
    -55325.955611926525,
    -49668.327477346174,
    -53693.37147193582,
    -54807.28618285147,
    -58953.85859298376,
    -57662.20392616775,
    -53454.811268368634,
    -54908.88954042889,
    -49622.42054716481,
    -52470.814036857926,
    -54410.0405686739,
    -50862.67206867894,
    -52302.851530520886,
    -49258.88210604562,
    -54987.38211545131,
    -56973.93681241208,
    -55464.369413935696,
    -50906.816149908394,
    -57054.62954077159,
    -54303.56337405548,
    -48255.51104388221,
    -53886.62143909277,
    -56271.09450856992,
    -50376.905602541934,
    -49267.22889117088,
    -46103.6154745263,
    -53806.38347923757,
    -52672.30413856701,
    -52197.7878242587,
    -45105.03063072361,
    -50064.237518481146,
    -51199.63513533382,
    -52966.81041019446,
    -55964.606862102286,
    -48318.40014590394,
    -59018.92904765354,
    -52737.71808762756,
    -56084.57928984196,
    -53943.56101376847,
    -51040.8467740462,
    -52731.11828622785,
    -48012.16897637918,
    -46945.80772697581,
    -48652.28237199178,
    -47286.72523882594,
    -49144.584940751105,
    -51670.43011050456,
    -58106.269088229186,
    -52855.92352422812,
    -50364.58778899402,
    -50832.08336877066,
    -50692.657015570585,
    -48830.67558958686,
    -55239.32461200294,
    -52390.48667293118,
    -51160.38445384665,
    -52847.94820123107,
    -51002.10664167389,
    -49553.92549488719,
    -52153.46060979713,
    -45575.650488062216,
    -50698.64896846337,
    -46097.47594418652,
    -48088.405712527674,
    -58783.14534888178,
    -49715.811382348125,
    -50332.309230041836,
    -49748.481309455936,
    -50659.641446869304,
    -51986.66880626464,
    -51184.183036580274,
    -56150.61123108912,
    -47365.8328980607,
    -44217.47001045832,
    -47464.43619844785,
    -54744.901017530785,
    -44840.86178176733,
    -55336.622167445355,
    -55923.550861932876,
    -50975.869907873566,
    -54953.09622997494,
    -54270.62164395422,
    -48145.61793395231,
    -48746.83776044375,
    -50350.66482103754,
    -47069.22730056453,
    -49000.18227396581,
    -49904.016793508505,
    -51145.955216606424,
    -51182.33295722524,
    -57216.654294341024,
    -49735.6511225828,
    -53676.73094440371,
    -45525.49711489696,
    -51633.92075253901,
    -55172.94317947904,
    -43222.586948355325,
    -49707.43195869654,
    -52071.32199476865,
    -50666.971736777225,
    -49672.43803489741,
    -48058.817392028206,
    -55014.95707164741,
    -56760.965279833195,
    -48703.65539943217,
    -50559.079267660345,
    -54593.30613656034,
    -50412.345009160366,
    -50049.047742533425,
    -47202.80559410968,
    -54785.71436946125,
    -53382.34891155449,
    -49421.44074919178,
    -50481.247777352844,
    -50978.58496996097,
    -50894.574359604514,
    -51746.29341147373,
    -48107.41300505174,
    -55374.536402732665,
    -53757.03891585631,
    -60606.76436304834,
    -55671.1934545623,
    -58016.59473416212,
    -53439.537775578625,
    -49462.07393225651,
    -48223.37122760772,
    -50571.07868243178,
    -46888.75193459455,
    -52489.0584091738,
    -57254.79257012235,
    -50307.27101673564,
    -49914.88758503634,
    -48252.93214685042,
    -45797.7363489211,
    -51616.50030769241,
    -46667.45780070866,
    -55452.41900486353,
    -54189.75736406827,
    -48025.277778657335,
    -55841.92260357503,
    -53197.1636161499,
    -51954.37974899807,
    -48540.843185345686,
    -47458.42886155778,
    -53390.29279176916,
    -47113.29680515201,
    -45637.30584587973,
    -51660.25084063687,
    -52188.130389478465,
    -55403.51686606645,
    -54855.68726165473,
    -48481.388847199014,
    -53972.3912658939,
    -50939.869864509616,
    -50191.69298455746,
    -43344.16289148026,
    -54236.65450657923,
    -55204.50384674256,
    -52937.39731290612,
    -44679.49314208303,
    -52860.26089277616,
    -50351.638337496406,
    -48737.82234281129,
    -49728.90410741011,
    -58264.58072905535,
    -55468.93149741305,
    -48840.31650114191,
    -52728.894082681814,
    -49433.210937333155,
    -48049.06542600973,
    -49349.13338126365,
    -52761.37531849539,
    -44021.80686042571,
    -56905.62579282088,
    -48155.20074955955,
    -56742.11052061046,
    -54015.036325908244,
    -52126.96492269082,
    -49496.56686589475,
    -57224.71485478755,
    -53685.432910011616,
    -45295.18443472151,
    -47756.98997041027,
    -52994.22092491337,
    -51549.45699663868,
    -52126.242277839774,
    -46480.31672765701,
    -54515.02009559908,
    -50085.04922334315,
    -56579.24924057142,
    -47744.52071169937,
    -49172.31916580946,
    -52354.758272666855,
    -43156.39052130282,
    -57195.155195901694,
    -48517.86854321442,
