{
  "actor_lr": 0.01,
  "critic_lr": 0.0001,
  "stopping_episode": 240,
  "total_episodes": 341,
  "all_rewards": [
    -45463.22057003218,
    -44315.53936058263,
    -48773.05588373694,
    -52352.14879391712,
    -54862.32106607963,
    -54419.290795395,
    -49222.98992722677,
    -47077.67098981354,
    -54492.90012793249,
    -46355.64687760065,
    -48746.248812825375,
    -51397.44409357498,
    -51757.99289927015,
    -47209.30156513168,
    -45743.634522467604,
    -49413.28744658507,
    -47959.06834169173,
    -48839.10873909407,
    -53971.71942983917,
    -54932.05418408502,
    -50780.45548613016,
    -52620.28828115111,
    -55326.837993103276,
    -50088.49912665315,
    -48545.72635358478,
    -59062.106407911946,
    -47736.50925894578,
    -47503.46267011306,
    -47027.70414861391,
    -50287.57839238123,
    -53894.809539578244,
    -51165.418910358036,
    -49218.78418067851,
    -49244.31463965945,
    -53407.01469922945,
    -55640.47345839241,
    -52972.19127288333,
    -59365.984863344725,
    -56131.73097505846,
    -51643.69296894502,
    -43695.10631212356,
    -51409.86815858677,
    -51645.22717143553,
    -50236.9882326751,
    -50269.55115890019,
    -47332.10786343291,
    -51293.7789642313,
    -46878.2065680763,
    -50896.093128811524,
    -49458.89161560145,
    -54886.45733836763,
    -49377.039250185546,
    -46875.089525638796,
    -55774.7266213498,
    -54194.41935249407,
    -50203.18815392606,
    -50832.18584145683,
    -52327.961228223976,
    -57648.095880436624,
    -52103.284017883285,
    -41731.42200883459,
    -50741.66708313001,
    -54769.46399164197,
    -55861.891855155794,
    -50919.47839249324,
    -52434.968176255315,
    -50375.41380949857,
    -51450.25811089664,
    -48772.55989323658,
    -53632.94938647036,
    -44740.97886394564,
    -53575.89452940038,
    -53291.44064654974,
    -49834.003559703466,
    -45239.47813747664,
    -47818.59938739342,
    -45546.064002388266,
    -54307.19941491647,
    -48518.05025564468,
    -49167.637175139986,
    -50597.3344639524,
    -53018.821412734454,
    -47557.5799375896,
    -50192.57332817946,
    -44977.99551983343,
    -48812.472149155794,
    -42705.45029560222,
    -49942.5347901184,
    -55904.227858075756,
    -52027.92738315283,
    -47712.06867887282,
    -47268.89296500127,
    -48675.825978113004,
    -50293.17093114776,
    -54862.881658220496,
    -56826.30988901782,
    -49122.783723616674,
    -46235.06380165019,
    -52601.753466300186,
    -54723.855896221336,
    -46385.074456642666,
    -47246.133168160515,
    -46520.89447321481,
    -46892.706577351215,
    -46835.65810580712,
    -51186.41230361469,
    -52737.01341686225,
    -40900.37793271719,
    -53652.09751369839,
    -53396.368079013206,
    -50680.7898530715,
    -54546.54228664762,
    -50907.20672767205,
    -51839.88082280684,
    -56956.12960479445,
    -49352.94364922837,
    -46617.99443264265,
    -50139.64388528674,
    -50753.30067350276,
    -49064.2531662171,
    -48014.434977704375,
    -49860.58036043324,
    -54611.23096526912,
    -53228.74369297728,
    -49575.24998980533,
    -56608.94447284033,
    -49929.358889923235,
    -40756.91844124808,
    -52963.05981069125,
    -58809.23380113194,
    -55258.31456447665,
    -50918.043539040336,
    -51278.745233281246,
    -48462.69776421191,
    -48116.817487718436,
    -51173.22546231928,
    -43979.13575760818,
    -56647.252895423306,
    -49601.804961577844,
    -53613.833835491074,
    -47252.278542705855,
    -45786.55486550319,
    -48014.72285046308,
    -51215.24924498608,
    -53905.13862477399,
    -52515.34630117851,
    -51170.94458630265,
    -57351.110173222456,
    -48765.94672703629,
    -53214.85983526311,
    -55891.16583160657,
    -52219.09707305126,
    -46444.64224234304,
    -48909.40175155954,
    -54929.31052819069,
    -51679.15761750792,
    -56380.51428366822,
    -50866.61950693559,
    -51821.75835691534,
    -44414.57771096066,
    -51981.749936237495,
    -49551.84560933778,
    -47851.94917765672,
    -51530.34991037332,
    -53524.63387713579,
    -49131.719110385515,
    -48250.18052270052,
    -45015.93687884692,
    -50865.75985649226,
    -50377.94098985007,
    -44369.70180187021,
    -52304.176703562276,
    -52963.77460987576,
    -51056.77382662111,
    -49717.03368939301,
    -46513.41057790558,
    -51083.98990928031,
    -58159.2302935859,
    -54317.2859180168,
    -55921.72119936313,
    -55006.399264766296,
    -51143.12575931353,
    -51107.96923291695,
    -50040.07245553697,
    -49744.53231223052,
    -44528.66461742489,
    -53566.415908617986,
    -51199.451829025704,
    -45506.797778655644,
    -48628.36501800088,
    -48984.63335243791,
    -50630.63121097176,
    -57082.09749574719,
    -49825.69094239494,
    -52075.03941531904,
    -50338.81226090441,
    -54806.671411011564,
    -54543.67874658317,
    -49460.126690333316,
    -52958.269691106136,
    -56053.666064138946,
    -53837.683790438,
    -49633.60366273031,
    -48691.71055094195,
    -42405.66568663909,
    -55548.41153837828,
    -50694.346306750725,
    -47046.330153235045,
    -48791.15967757872,
    -50739.31878893015,
    -50782.90953985045,
    -49174.518959960624,
    -49705.0192679063,
    -46449.73109546974,
    -56114.30919288642,
    -56821.09380242476,
    -50512.75406066664,
    -47302.88619255819,
    -44741.42251064128,
    -49226.19990215705,
    -52215.60577543363,
    -46054.46105594387,
    -52556.96191827437,
    -51028.73540642576,
    -44431.953770467924,
    -50960.916832731,
    -53177.313910157216,
    -49084.2484893161,
    -49707.07362606589,
    -49948.196721481865,
    -52064.755163575544,
    -45995.29656902377,
    -47957.09204289269,
    -47785.41116784244,
    -48445.948637910195,
    -54944.29675995218,
    -48687.47366622039,
    -47901.80783771616,
    -45573.41301933182,
    -48860.741526722384,
    -48297.23751161358,
    -52682.63356917386,
    -53035.31800105227,
    -53163.35505266902,
    -58321.50186107919,
    -53906.22922369815,
    -48938.558355308574,
    -52090.35419798045,
    -46883.339346664055,
    -50187.853167810674,
    -46320.59331909149,
    -50173.31300304737,
    -50400.727664183265,
    -49203.594927195874,
    -50164.06209011204,
    -47711.38617716576,
    -47916.89003689036,
    -50090.66765659569,
    -52338.8658219583,
    -49852.36080331618,
    -48436.878814463766,
    -50772.10326894588,
    -59055.1589517817,
    -55731.95756233565,
    -50562.32998814897,
    -49394.21247845046,
    -50626.27673162331,
    -51939.81989273319,
    -47046.438626470816,
    -46287.09244368278,
    -54999.73469796758,
    -48864.03190633342,
    -47270.23610905611,
    -55020.17879773675,
    -56273.25171205285,
    -56088.87160974626,
    -52193.169721880906,
    -48052.08300803504,
    -47868.91705508177,
    -52954.737053214565,
    -49615.40611864287,
    -55959.99024827605,
    -56374.061081862055,
    -56151.773463287565,
    -54024.17886577892,
    -46459.4945867859,
    -45591.07601006173,
    -53834.747261285964,
    -52236.01665081708,
    -48442.188070613396,
    -48965.889131200995,
    -50195.569886831756,
    -46839.88220532121,
    -54787.800368050914,
    -48758.450382365256,
    -50239.99904449598,
    -50808.30436987474,
    -47493.70193573598,
    -51880.03080179108,
    -49572.86466830121,
    -50960.27124661653,
    -55231.397986987926,
    -46332.142969185355,
    -42847.191151167055,
    -56333.6831081349,
    -51828.37801313965,
    -53780.02379816029,
    -46726.87595799803,
    -49537.901711342376,
    -53529.533567721825,
    -53270.384563839645,
    -50577.5932627735,
    -49235.50811128744,
    -45872.01329416696,
    -54000.69356719549,
    -47274.96088017917,
    -47941.48385605966,
    -53149.645551356974,
    -51741.23095367044,
    -47526.79036975217,
    -53704.83368019569,
    -52002.17938150945,
    -50199.50529691596,
    -53254.99765612228,
    -57013.337226617106,
