{
  "actor_lr": 0.01,
  "critic_lr": 0.1,
  "stopping_episode": 247,
  "total_episodes": 348,
  "all_rewards": [
    -46608.69385901118,
    -42033.54340286373,
    -42673.84113361081,
    -41821.20348522024,
    -50505.56911040022,
    -44389.48810855807,
    -35782.67283870369,
    -33743.5617076954,
    -38951.850793506426,
    -44662.94604079085,
    -38667.75785878281,
    -38930.402231591,
    -41608.92409551088,
    -38538.15428994595,
    -35769.74169081241,
    -43370.18374057906,
    -42285.077350819396,
    -41567.1062279793,
    -42059.11878441326,
    -37909.326601383684,
    -37056.53964125916,
    -40553.10577791069,
    -42870.390083783175,
    -40567.37906101147,
    -47668.390676730574,
    -40804.253155385566,
    -39537.675092922225,
    -40564.857276554576,
    -46199.37861435274,
    -39570.7533336366,
    -43427.59643711745,
    -37787.28125091545,
    -42088.00525451914,
    -42440.79021946719,
    -41189.40820481398,
    -39473.64786073345,
    -37784.50651414638,
    -40343.697456023285,
    -41381.91427531539,
    -37504.497672508296,
    -39844.89419864277,
    -44827.260049161414,
    -38433.15297295699,
    -42921.30059805392,
    -41324.90682441046,
    -42797.9189428264,
    -41531.99162470742,
    -43336.170946156904,
    -36795.260755122734,
    -46171.21342431938,
    -40019.44788293731,
    -44469.25494076784,
    -40208.735231526894,
    -41534.08753151232,
    -41661.32793343043,
    -43350.67389641373,
    -40190.70504051063,
    -40046.708763529576,
    -45156.574479470306,
    -40073.39670177759,
    -42007.44335813428,
    -41646.53429596321,
    -46344.38085350563,
    -41038.50216384136,
    -40494.95579003154,
    -38104.368119197556,
    -43342.35672236451,
    -39079.989403693195,
    -38449.89524610033,
    -38408.75992808098,
    -40296.26735331556,
    -41829.170012918185,
    -39714.538057639715,
    -47661.05567135806,
    -40686.06170793245,
    -42951.32687541768,
    -36501.43249301993,
    -36903.39686196408,
    -45128.38846870347,
    -38553.55572310267,
    -40238.395776210105,
    -37888.32782082776,
    -42729.84971617705,
    -45898.731751599604,
    -43243.70373238159,
    -46382.863388457954,
    -43851.42182391728,
    -39508.817255894486,
    -42936.98700114679,
    -40633.60477208131,
    -42967.83446052666,
    -39253.1649589966,
    -41788.86921857067,
    -41309.505874139926,
    -40226.52121410785,
    -44300.734933684565,
    -45159.662004011814,
    -40719.65701624535,
    -45852.91384800656,
    -42880.313702544896,
    -41112.423484662126,
    -48642.92855644826,
    -40422.661006375594,
    -38888.96776797123,
    -44420.38154191069,
    -44579.20895443134,
    -40256.37309436065,
    -40461.327484103575,
    -40271.17593126207,
    -37539.56188363165,
    -41123.81652112196,
    -41560.54093287414,
    -42760.482586227954,
    -43194.95092437217,
    -42902.088336489534,
    -46851.19610463726,
    -38658.86691034091,
    -40056.12817450611,
    -40172.00927779573,
    -40673.725299953425,
    -42978.31017353353,
    -38800.987754678856,
    -38050.87592249403,
    -40569.28536126168,
    -44451.665029993426,
    -38182.28719337474,
    -45153.8114107709,
    -44258.99671849315,
    -42226.82655058699,
    -40485.30738822731,
    -39689.227401619835,
    -38106.40104396979,
    -42390.28792060165,
    -39042.63527026819,
    -38744.5058761475,
    -43087.30059371731,
    -42257.30416829199,
    -40821.168104035896,
    -36503.723466339725,
    -40666.661191631065,
    -39807.4571149073,
    -41936.2268800409,
    -39950.27167236588,
    -44980.01104057732,
    -38838.105151409494,
    -41661.640615541764,
    -43823.77543821131,
    -43737.405631899994,
    -37719.11002644079,
    -39706.44716918586,
    -44815.388678042604,
    -43417.049170578095,
    -37755.02433427544,
    -35551.9927816416,
    -40320.050244308724,
    -43639.48282741586,
    -41438.72733336939,
    -42579.54737081422,
    -44090.52300729504,
    -44043.647962340074,
    -45488.59050319655,
    -39964.54594859981,
    -42148.00630084853,
    -40431.451434485825,
    -39909.81677333283,
    -44374.20636491496,
    -44920.23087080282,
    -38277.58722473981,
    -43431.93954785084,
    -44675.05234682264,
    -45135.61969184772,
    -37945.32995138623,
    -38652.77270726333,
    -43367.22964309677,
    -46984.054953076826,
    -40478.920336701936,
    -36872.67854630444,
    -42132.569091646685,
    -45592.07216570018,
    -37823.050205920554,
    -36207.52191132729,
    -42319.236592556736,
    -38319.13112293208,
    -43363.35886893176,
    -40153.54873327857,
    -44779.494377880896,
    -37672.277954003126,
    -40487.03442515166,
    -39100.527550967265,
    -39957.264284698605,
    -43362.067229521774,
    -39335.49094616799,
    -41504.40267706012,
    -47896.80579031264,
    -41508.11300118382,
    -34992.2590551892,
    -39812.47017035713,
    -38007.10360491196,
    -38836.12460639307,
    -44230.53812864541,
    -33911.508588561344,
    -37950.27894907344,
    -37190.79551692375,
    -35255.85849559739,
    -42647.75502399809,
    -44396.517239590175,
    -45225.13890578776,
    -38533.14830929219,
    -39283.106376995114,
    -43517.81136164169,
    -42142.71930481031,
    -39933.42910843248,
    -42428.100690515974,
    -47242.57714164294,
    -43954.81950004018,
    -44365.75611722359,
    -36818.98795021232,
    -44116.35795063258,
    -35162.99847864706,
    -41884.362191452405,
    -47603.52183022021,
    -37108.613553046605,
    -39778.21408245944,
    -37764.41389366219,
    -40796.11388490838,
    -44065.73611153766,
    -36922.434287212316,
    -43798.84562417088,
    -36943.44827517175,
    -42578.71238310812,
    -37725.41633206782,
    -40674.23017527774,
    -40098.11388781607,
    -40450.02048719283,
    -37998.11926812829,
    -40228.205387417656,
    -42310.31600252095,
    -38052.62218605112,
    -38927.82058250576,
    -37723.17670930171,
    -39441.275924021225,
    -39378.49026282416,
    -38467.493588125726,
    -44921.2469526185,
    -40400.7979691587,
    -40970.52357526315,
    -40128.109652460575,
    -42578.43605821718,
    -38134.65036026211,
    -37950.45263332233,
    -36575.99203182241,
    -41269.392953531424,
    -38672.62888580003,
    -37392.2354957772,
    -41350.883108614165,
    -43020.002657742385,
    -40320.37758189953,
    -45048.04809447956,
    -40747.025752082074,
    -38033.5900416183,
    -37440.96456031838,
    -38950.53995380825,
    -44880.13823105901,
    -41331.943802518756,
    -40583.318628182235,
    -38499.83329776161,
    -42717.13344069672,
    -39546.35595224356,
    -42038.58166959356,
    -41325.572932293144,
    -42172.42350979493,
    -38424.67190084808,
    -40692.99729761314,
    -39945.17927607935,
    -41637.691988175,
    -40150.52406177103,
    -41930.3314843514,
    -39984.11617355956,
    -44507.262645924384,
    -39440.556931530824,
    -41609.35716157466,
    -39422.538683472594,
    -37765.60448882896,
    -44049.52845749974,
    -41187.9819889681,
    -40154.955267311576,
    -44872.96230129295,
    -41748.062830860246,
    -41841.30461506065,
    -36574.30322284385,
    -40171.60629245952,
    -45753.41782777182,
    -44800.37146124302,
    -38479.4606927422,
    -41754.177896943846,
    -39758.3218319429,
    -39249.19346501996,
    -39308.890427929684,
    -41238.258930730095,
    -41322.3763183269,
    -39476.624869825624,
    -39000.84134917088,
    -40614.028887077555,
    -41724.71372501561,
    -41066.21644729561,
    -33218.92248373127,
    -45604.02736859963,
    -40566.39960597039,
    -43350.579555350036,
    -39240.19031189509,
    -40897.120564772915,
    -44812.62093580097,
    -38191.28852365496,
    -43440.92749159355,
    -37172.66391675259,
    -39277.702795210585,
    -42291.6938151817,
    -44942.58437317642,
    -38751.50571477436,
    -39883.964449334235,
    -41233.60810634067,
    -44741.973633733665,
    -40647.03490966185,
    -43239.289275854375,
    -41858.11942025863,
