{
  "actor_lr": 0.01,
  "critic_lr": 0.0001,
  "stopping_episode": 265,
  "total_episodes": 366,
  "all_rewards": [
    -43649.42907101725,
    -36012.64168063789,
    -54786.55482257341,
    -56441.719598053525,
    -59308.957812055305,
    -52406.14163112027,
    -55683.382155705316,
    -47276.76982182052,
    -51010.850626848835,
    -54319.8608360771,
    -44143.443056497235,
    -55036.51965655705,
    -52509.376705669805,
    -49568.437209642856,
    -47549.93124131688,
    -60048.094200124004,
    -51671.59358327512,
    -54900.596804755216,
    -51212.88168397007,
    -46649.14912971787,
    -49301.19884528451,
    -51333.58636101086,
    -56894.84601583969,
    -49347.69741191731,
    -55448.48056569596,
    -51030.90804759273,
    -48518.71950911875,
    -52043.462674899,
    -54807.67433396923,
    -54333.664068057966,
    -54339.94037903715,
    -50859.450310978835,
    -50973.909475190805,
    -51717.175022973955,
    -53787.455927568466,
    -47414.20162904908,
    -48128.03511155794,
    -52133.49729592654,
    -51805.14313292583,
    -47098.23436902219,
    -54653.06019968835,
    -56961.497907979414,
    -49597.16374129604,
    -47486.69442535577,
    -53245.17395707526,
    -54126.62116637621,
    -51066.84442262855,
    -49212.614924642614,
    -48263.60335498529,
    -57759.015881674175,
    -47561.70882426043,
    -53608.60259277876,
    -51788.815077711384,
    -54099.109340752744,
    -50236.94124075381,
    -54945.391956590815,
    -54667.21293187636,
    -54386.87518057391,
    -56034.73816896786,
    -48332.57550759647,
    -50119.80713324692,
    -51457.913919471146,
    -53892.89919119577,
    -49365.79304826792,
    -58294.0070804398,
    -55774.610087146946,
    -48737.27279811175,
    -52324.349794253125,
    -56886.41555584615,
    -51593.05419855521,
    -55479.90724752337,
    -52291.465394220584,
    -54587.34364738091,
    -58752.235243105766,
    -51453.788889256895,
    -53592.893759641585,
    -47797.64975483982,
    -50801.623810121106,
    -53525.565302892275,
    -50808.14284647199,
    -54813.43286609045,
    -51737.919674246834,
    -53309.21979610594,
    -53497.1600049033,
    -55606.80208493082,
    -51551.00353095607,
    -55988.74670509544,
    -55316.05901725119,
    -54749.21178424406,
    -51113.58465830516,
    -59823.230686885865,
    -53833.96669839704,
    -49205.272129123136,
    -52795.37641503251,
    -51964.884179503926,
    -55509.641487856665,
    -62842.685758115054,
    -56301.36021891531,
    -55981.8008067411,
    -49761.24531725857,
    -48646.67368387127,
    -55547.70877486412,
    -53874.370423853754,
    -51240.241095953264,
    -53482.755736993124,
    -57320.63441496898,
    -55703.617507041075,
    -54017.597768125604,
    -54152.41174444565,
    -53151.313326233474,
    -53908.93674011213,
    -52947.61136291202,
    -52824.966422659774,
    -53927.30680465956,
    -56594.64726412735,
    -56274.40843245358,
    -56702.948852468675,
    -54017.37831813573,
    -51740.86876372887,
    -50588.85215816648,
    -49372.61406320491,
    -54019.19173543397,
    -53049.1212238259,
    -51692.24428617901,
    -54213.61238513442,
    -52570.86879515249,
    -59714.42683176845,
    -55709.99590184386,
    -59349.63686369904,
    -52022.85216473922,
    -52878.82934927812,
    -54607.47200329242,
    -51397.220670815936,
    -47919.26304733884,
    -48408.89062935522,
    -53319.85720440144,
    -52178.657477128734,
    -52684.192077107284,
    -47339.87595763529,
    -48742.07543439623,
    -52039.322652086616,
    -50155.333435498134,
    -49932.387756493634,
    -54410.48537251357,
    -51447.20718256764,
    -49413.25243794545,
    -49053.806817520446,
    -57434.5363868734,
    -54214.58255965301,
    -56936.123184818134,
    -55794.625701755984,
    -50864.33512477197,
    -49802.93395483071,
    -44840.78815083748,
    -52466.92029527183,
    -54833.85257307925,
    -52517.67356170719,
    -49272.17988653537,
    -53116.67770080098,
    -52905.20530822779,
    -57067.19768176411,
    -52733.921481423175,
    -53291.196722771645,
    -50953.6470850027,
    -53222.74014808248,
    -52049.74022766664,
    -58772.30514726264,
    -56076.3012519226,
    -52924.18946790283,
    -60249.43248216032,
    -61333.30279684912,
    -51851.6228715423,
    -52183.12976153048,
    -54714.11816897811,
    -53096.78673160592,
    -52704.51196230135,
    -50420.58707301084,
    -56204.983668356195,
    -53964.1999979508,
    -50944.527838100694,
    -48217.53628152125,
    -50951.746050262525,
    -53253.974629791126,
    -51192.62575437612,
    -49242.57620593874,
    -54926.03721698037,
    -53019.85060771611,
    -52441.164410937854,
    -53286.045151735045,
    -48840.25718755147,
    -54512.08222154464,
    -52695.04236843941,
    -53707.06248541776,
    -57843.332956636455,
    -53128.216954221505,
    -49762.03754781367,
    -48608.354422222976,
    -52572.89716230541,
    -53896.51495138933,
    -55026.022713182865,
    -49618.667758335476,
    -52761.39702842933,
    -52974.89513671842,
    -47014.04383788008,
    -56369.84863613824,
    -55482.51890676581,
    -52452.67089802019,
    -55637.01527076612,
    -50324.680984095794,
    -54113.677355453125,
    -55189.19351809437,
    -51278.51586893221,
    -53938.76226535667,
    -58598.014520319775,
    -58907.90311107371,
    -52064.639367856376,
    -45178.00306118421,
    -55562.94842350857,
    -49591.83154929514,
    -55598.22777785231,
    -62841.06212904388,
    -57826.203379088176,
    -48870.30454000937,
    -51627.35273651727,
    -56694.613340587675,
    -60272.4387594263,
    -54891.52102429303,
    -55812.19868275365,
    -54216.70902080952,
    -55761.765113878486,
    -48018.27352567768,
    -48198.720501898584,
    -52801.323189425806,
    -55253.04872110821,
    -53742.74310275215,
    -48446.51839394787,
    -54724.95501633136,
    -50700.28016123199,
    -53482.65745990454,
    -51016.153384005935,
    -53793.27150040244,
    -51620.11493452719,
    -55860.01753692251,
    -52137.21914073489,
    -55819.71486560609,
    -58983.48561208731,
    -52141.54184062817,
    -54353.5610369439,
    -50914.71838525097,
    -52908.830444282095,
    -50942.39272247795,
    -53386.08243065186,
    -49764.210941731915,
    -49252.194013708766,
    -55479.63391509261,
    -53928.41758043063,
    -50609.7618501915,
    -53611.725720541224,
    -48852.29764475286,
    -49221.859050953004,
    -55926.32272672002,
    -58419.71422207439,
    -54429.02262055414,
    -53969.08369483441,
    -52492.64346107445,
    -49521.75213221723,
    -52107.96306779439,
    -56331.67393833599,
    -51578.25936440494,
    -58442.336993461424,
    -46439.60954528046,
    -57417.99428614403,
    -54724.05191886993,
    -51306.33398512796,
    -54054.55957012485,
    -51670.586086902455,
    -50879.97446491471,
    -55053.93341494388,
    -53698.295423311574,
    -49714.30768278688,
    -46153.13099702756,
    -54258.322032567405,
    -46945.064832500546,
    -53399.854557044746,
    -54024.01215124259,
    -53636.05211209538,
    -55985.58660539883,
    -52599.914118698965,
    -54720.6107053246,
    -52151.429057909925,
    -55334.18896257173,
    -58961.95443886997,
    -54635.25649547735,
    -52073.22767120409,
    -53772.347343633206,
    -47771.34669602635,
    -54023.68974818638,
    -50197.47375300588,
    -55369.87652766279,
    -55061.53319925954,
    -50253.237449117034,
    -49179.75223835535,
    -52567.31804517155,
    -55451.9499155464,
    -52281.16689735869,
    -44365.590061877825,
    -54508.393670536956,
    -48609.69118256862,
    -52514.724863908596,
    -51079.90995668495,
    -54342.92279591485,
    -55393.82041871039,
    -54156.20927040835,
    -53621.1586327829,
    -48873.50322824233,
    -51419.230032981766,
    -49685.45562145391,
    -59631.38985884559,
    -51767.191255744394,
    -54562.87133823723,
    -55107.28819280676,
    -53420.318707564715,
    -47801.894663381805,
    -53273.80931279276,
    -55729.495039456946,
