{
  "actor_lr": 0.1,
  "critic_lr": 0.001,
  "stopping_episode": 250,
  "total_episodes": 351,
  "all_rewards": [
    -45771.78678511096,
    -48762.35568623812,
    -36433.6426358527,
    -35814.57599023581,
    -39001.93617168152,
    -33742.72837201889,
    -39247.247998367646,
    -34424.60143763032,
    -41105.518918008114,
    -31073.987613248137,
    -36934.2008444185,
    -34177.49514097324,
    -36568.86735436349,
    -35507.547028465706,
    -38336.7658386431,
    -36180.0476965796,
    -37739.46849374573,
    -37576.731658059834,
    -37078.502611927725,
    -32024.380732469064,
    -36384.60010351071,
    -34752.97004925876,
    -34194.942990818075,
    -33856.98799581158,
    -32505.110631788113,
    -39082.53645005039,
    -33835.646915109945,
    -32188.93326085532,
    -35191.53517524266,
    -39090.66226419961,
    -37805.15069700487,
    -31594.617641902543,
    -37599.19275595105,
    -38068.41709112757,
    -37952.450110748694,
    -38634.29791172602,
    -42891.50308686095,
    -35318.321578330724,
    -38348.1465325202,
    -35324.866976177065,
    -34373.47168891805,
    -38494.09407529867,
    -39475.136648447464,
    -32446.008610483295,
    -32446.20056113691,
    -35628.18163122625,
    -34780.32838698087,
    -33134.052153998084,
    -36885.93804534338,
    -34830.9910695254,
    -36648.080342870846,
    -40207.72860551248,
    -40936.825549559595,
    -38025.116611843885,
    -34713.060503825865,
    -35732.337464515396,
    -43657.17801856744,
    -35338.664076687724,
    -36971.03364630158,
    -36944.547632249756,
    -37935.80893368828,
    -34505.64431625997,
    -33665.44887257067,
    -31586.681479887324,
    -37984.725615944655,
    -28621.49138278581,
    -37739.86399527647,
    -34194.030233813275,
    -33865.27332819996,
    -36022.97709056252,
    -39202.27793451467,
    -37017.163992471666,
    -38504.43317162111,
    -37008.55476864476,
    -35314.37373050758,
    -37083.51772046485,
    -37232.85300215531,
    -37723.96106275557,
    -36743.12004466789,
    -37179.63775699035,
    -31083.301459413153,
    -36296.4120868222,
    -38014.58751847325,
    -39365.85182009154,
    -39091.63918071463,
    -32998.408112453835,
    -37165.24146154891,
    -30941.237284312487,
    -35659.18679481721,
    -34632.48520690571,
    -36347.9579032804,
    -36946.6856691344,
    -35188.53660317426,
    -32720.049389786873,
    -33736.70412667625,
    -36881.170254472134,
    -38677.15317188059,
    -37788.58607725508,
    -37432.15431812458,
    -35084.20981817462,
    -37131.23828786683,
    -38308.54078147439,
    -32400.091004163496,
    -36297.03901453898,
    -43162.74869491135,
    -37133.44205963134,
    -34538.81423844304,
    -31889.203731838585,
    -37334.119093523805,
    -34653.54259713421,
    -32638.164406845826,
    -38387.4222662732,
    -38232.403451275764,
    -37435.99219747351,
    -36458.09069701485,
    -41360.7263175773,
    -40641.46390890867,
    -37657.29731549524,
    -36936.16055313623,
    -35475.13469525777,
    -33933.390906075714,
    -34892.74206828161,
    -32976.95376560979,
    -31576.623024235196,
    -30554.25208410612,
    -35345.22062515177,
    -34116.04743892787,
    -38632.36014725632,
    -30942.908958242413,
    -31382.634879232577,
    -36896.62930771845,
    -36129.99991804563,
    -36390.22853970279,
    -39561.93614624342,
    -33658.2994203303,
    -35171.217136737425,
    -40897.60926144025,
    -37096.798059855006,
    -35947.30560337993,
    -32005.153941761575,
    -32133.752346151163,
    -32697.23412272569,
    -38181.26869148255,
    -36944.85295667515,
    -33745.09366867639,
    -38299.88043767887,
    -38364.754059881554,
    -35508.22759354102,
    -35141.96361592368,
    -35702.0394432213,
    -34567.03950296289,
    -39312.06657301328,
    -36299.99186866263,
    -38235.863534245356,
    -39246.09822168295,
    -35134.77380812638,
    -37067.27683717929,
    -34745.533968189084,
    -41863.5092776385,
    -36191.80611678119,
    -33924.69950471538,
    -31770.12999816024,
    -38700.504354915916,
    -40055.28009116356,
    -36047.58615199251,
    -35682.04223308645,
    -32515.276543114294,
    -36764.52088333774,
    -32975.42259426477,
    -35768.41046485263,
    -35769.83627176533,
    -34051.9926667627,
    -43825.71663971641,
    -34182.65788679531,
    -37706.06403662911,
    -34339.618595734835,
    -35390.814616903925,
    -37532.5475520619,
    -37937.27021650856,
    -37196.489935137084,
    -34708.52338836003,
    -35717.89738446916,
    -33767.05882697853,
    -39140.04563002381,
    -37582.59735611554,
    -32045.126324255078,
    -39183.44142353369,
    -39499.10039596236,
    -41008.41082345387,
    -35306.73696444385,
    -39664.74302488966,
    -34796.43419145976,
    -35789.63385723518,
    -39591.19949273608,
    -44375.25449134886,
    -36877.952317537995,
    -33027.94907629658,
    -30931.12151098084,
    -35205.31220814439,
    -35255.82971592061,
    -38316.0358191725,
    -33790.83352264327,
    -42450.83026984273,
    -38400.33596139456,
    -34825.4236437141,
    -33144.70224143758,
    -32699.517765428784,
    -39978.765996409486,
    -35751.404414537836,
    -35486.11313005953,
    -35794.556953515625,
    -38803.65711585772,
    -37354.474064303184,
    -39411.245435311655,
    -36035.72808211821,
    -34931.440690987416,
    -34281.80727482638,
    -36223.28730725894,
    -39467.27226890341,
    -35469.0281852896,
    -32902.00667863449,
    -40055.489432769784,
    -37446.08898383267,
    -39190.71548839455,
    -34667.63792934901,
    -41935.91305901628,
    -34371.541848316825,
    -40433.6549567323,
    -34982.47504214068,
    -39826.2975667019,
    -33162.92324604306,
    -32315.12354963425,
    -34492.9836597056,
    -32151.17211357387,
    -32984.425013120635,
    -32039.812661724838,
    -32353.698293328707,
    -33005.45355648214,
    -37928.51539968975,
    -37464.520710648,
    -38898.2984324159,
    -35956.19309804887,
    -35673.88979990649,
    -36166.5227149727,
    -38728.32075110037,
    -35904.38352133865,
    -36520.19773385022,
    -37481.81386841867,
    -36428.92188951786,
    -33257.591653566386,
    -32216.470037769104,
    -40721.77343611367,
    -34963.633308187345,
    -37434.886689876774,
    -32908.62925973726,
    -37231.656189842484,
    -34818.71081952131,
    -37528.60931436318,
    -41884.878263491955,
    -42518.06692483693,
    -38635.7536178125,
    -36400.99250839678,
    -38902.12296625328,
    -34626.18469359447,
    -36273.2519553643,
    -37404.4465355708,
    -35304.55685308143,
    -33588.11396171055,
    -34689.66425377777,
    -35740.89118237267,
    -38204.54637593258,
    -31468.70360876769,
    -36108.82209857833,
    -36755.14816625567,
    -35419.66077881348,
    -35738.2596784039,
    -36687.746810516044,
    -34398.18150737778,
    -37514.27645798606,
    -39958.696759005405,
    -34446.76186573177,
    -35687.39602091994,
    -35448.24062847071,
    -35711.37733039041,
    -32973.168955798006,
    -34398.26683387522,
    -31396.62982276835,
    -35652.77417420634,
    -34524.974323056216,
    -31129.836392774356,
    -38193.628517234836,
    -32901.558815448574,
    -35639.40520281483,
    -37459.71818261684,
    -37962.86329144552,
    -29444.623088747645,
    -41845.5994928897,
    -34740.3161370688,
    -37026.93165321679,
    -34373.18734657512,
    -39311.66930692697,
    -33994.27718545265,
    -33207.06953000127,
    -35569.567386052775,
    -37031.540804758886,
    -38876.90500650079,
    -38337.2570741925,
    -40798.26467248111,
    -32941.70937955502,
    -33587.18841082894,
    -38681.1252077848,
    -36598.53219383159,
    -39911.10694304103,
    -37338.352816696395,
    -34920.20523046558,
    -35291.17737993983,
    -36948.992071634566,
    -35400.47096409636,
    -35425.45610332264,
    -34447.987957795136,
    -37626.30737948957,
    -34017.423551627,
    -32103.671561066105,
    -41775.40857644377,
    -35433.23428442461,
    -35068.57509178217,
