{
  "actor_lr": 0.1,
  "critic_lr": 0.0001,
  "stopping_episode": 232,
  "total_episodes": 333,
  "all_rewards": [
    -40939.006137699864,
    -41725.78923757558,
    -51694.83950301285,
    -51027.45092339621,
    -62023.551348925226,
    -52021.277505657315,
    -47921.26221931241,
    -43166.120736626464,
    -54459.504795058434,
    -51180.97566642834,
    -43145.225462632334,
    -50881.21415468858,
    -47328.79824673111,
    -51451.804991956444,
    -45371.08319779673,
    -53782.5317904509,
    -50746.768405954535,
    -50047.48812640748,
    -51450.026909839624,
    -48174.814358197546,
    -46785.231184104494,
    -43148.171937979336,
    -53071.71601675255,
    -48960.98947790194,
    -48352.82905147854,
    -49008.842330986256,
    -46319.94655350479,
    -48724.56973142903,
    -57130.559284108596,
    -49737.997307345075,
    -49892.920064665275,
    -48841.83885690354,
    -49333.00831514993,
    -52977.046663878136,
    -51218.71491070762,
    -44181.8036934275,
    -43894.30223624889,
    -45959.201405734144,
    -47308.22394056828,
    -45680.44201410507,
    -45148.25678697349,
    -48150.17273560761,
    -45957.90205924984,
    -47033.392456557456,
    -49426.40145858355,
    -51359.57207247512,
    -47333.81004638656,
    -50404.46449718502,
    -46309.78180481784,
    -58308.05097130538,
    -50853.30653743372,
    -51371.247169147086,
    -44458.86724143196,
    -51072.75016528046,
    -47920.27700800073,
    -46489.65227938778,
    -48559.16095155048,
    -48030.74088383277,
    -51898.92620835346,
    -49200.87588102074,
    -50121.67771884503,
    -49829.60390789956,
    -50288.405601370985,
    -48931.73795901836,
    -48336.79955968639,
    -45332.30593131394,
    -49927.671659623506,
    -50142.582532050874,
    -47948.205663425,
    -50966.2037051517,
    -47924.771479524235,
    -47486.32731783873,
    -48991.85426464111,
    -56319.08280433936,
    -44472.22802761808,
    -51488.9240041656,
    -43252.27148461072,
    -47023.12710689174,
    -46930.8345941099,
    -50259.44983059412,
    -51654.453445482286,
    -49172.240228593044,
    -52542.45492456422,
    -55845.99212451588,
    -54580.725850119336,
    -49417.66127440257,
    -53050.21726693165,
    -51483.831218367945,
    -52941.09490115992,
    -45444.13562096558,
    -46987.3376479233,
    -44620.8786956492,
    -44687.379433160866,
    -49290.89460625874,
    -50562.16517484163,
    -55001.14057043681,
    -55494.13860473396,
    -56023.65562382071,
    -55981.41214069333,
    -46601.447914828896,
    -48098.168182315974,
    -55527.169861506234,
    -48759.227379324184,
    -50064.78395323352,
    -54168.43729652178,
    -51061.98802107873,
    -49538.00619940227,
    -52576.11266712304,
    -49334.77098550243,
    -44230.59659314603,
    -49310.675847152525,
    -52191.51472077223,
    -48845.7639174208,
    -51605.47289848053,
    -53579.75484623347,
    -52939.64711799043,
    -54246.35380927682,
    -49982.01775622175,
    -48197.16511840014,
    -51838.13221902258,
    -52807.28240399383,
    -46373.37137909161,
    -51156.81945198843,
    -47529.88627682009,
    -51745.05645148964,
    -53011.23036783347,
    -54700.01846609295,
    -55388.58232965168,
    -49167.25829063004,
    -49478.50090756946,
    -51066.10807312594,
    -50863.788484759534,
    -49479.603505844716,
    -49032.39713144317,
    -44116.85012917741,
    -51565.17342207254,
    -54525.445854990474,
    -43881.74900923089,
    -43850.62352271483,
    -46378.22086696337,
    -47671.08618903521,
    -51155.532821034096,
    -48338.074456661976,
    -51160.89213091903,
    -49480.498570245116,
    -46082.48414506845,
    -45268.283589844934,
    -54803.06801190939,
    -50428.37762072013,
    -50584.048956099694,
    -48872.84508770314,
    -47154.577891115434,
    -46753.12961345666,
    -44051.237683408996,
    -46748.43064238308,
    -52588.3879607475,
    -50085.77001812789,
    -47953.51929384101,
    -50742.28887566021,
    -54174.56006620874,
    -50870.513756816465,
    -46583.17288648186,
    -51803.83327790093,
    -51563.31782784987,
    -49091.29620181834,
    -52570.458164134965,
    -50665.72566991442,
    -45081.896181047654,
    -46004.68260509324,
    -48395.34564471049,
    -53691.36957140405,
    -49477.30981740212,
    -49664.76453924587,
    -52362.07605981365,
    -47015.39691524637,
    -45988.869817709216,
    -45359.66093956514,
    -50738.85029407638,
    -49627.430771452324,
    -47124.856963778875,
    -46154.00933412066,
    -48239.943764355325,
    -47068.46272581599,
    -48400.805129754575,
    -48094.54137132443,
    -54435.28279946474,
    -44762.33279396243,
    -52521.46955461337,
    -46620.949305626666,
    -45289.586123277426,
    -50752.57994963793,
    -52275.01629447807,
    -48166.33388503716,
    -56413.005738994194,
    -50879.59542206277,
    -49485.39823977555,
    -51951.49764632327,
    -45048.502945409935,
    -42824.08308021682,
    -48660.73633187553,
    -44229.86609200668,
    -44215.07150259613,
    -47743.781451009956,
    -41871.167751856425,
    -49149.98977580134,
    -46593.675910343576,
    -52870.116314936145,
    -51649.88313723236,
    -51902.37971554194,
    -52060.86336369197,
    -52734.92249568464,
    -48438.01833550869,
    -50021.427871273096,
    -53893.4208119402,
    -54150.07647012392,
    -48400.941898042685,
    -41191.18878577898,
    -49684.700267908855,
    -45807.16479848199,
    -47931.81550511108,
    -50595.339811648424,
    -49606.50297840609,
    -45122.548584104894,
    -46955.1015207434,
    -50219.30857996056,
    -52135.18711573846,
    -47968.81214561097,
    -49601.95703704612,
    -51479.12790053844,
    -50388.65025288642,
    -50470.34330345003,
    -48896.67491235376,
    -53207.72772370421,
    -46668.271226678684,
    -46137.2481557307,
    -48489.66488829631,
    -47636.22486893705,
    -47468.39019361882,
    -43510.114259906666,
    -50579.12524459487,
    -48472.38584775463,
    -44929.1688833302,
    -48915.68965648431,
    -49523.10181914049,
    -53190.98042690962,
    -52208.02159144645,
    -45011.89155585738,
    -51699.80287547673,
    -41679.43443521482,
    -47423.12971395747,
    -52151.63596106916,
    -50851.461156220554,
    -48767.56458918573,
    -54067.938981788975,
    -49652.39684823181,
    -52581.42967076621,
    -52234.56833296127,
    -52109.45959092654,
    -43433.155279220344,
    -48133.39203821717,
    -47322.28761243659,
    -50041.22843114717,
    -53139.371625646665,
    -45472.42670873816,
    -50017.22148117706,
    -51933.19099918992,
    -50633.75805338944,
    -46992.00933263343,
    -49752.97359566226,
    -47435.89305428116,
    -49990.191435206616,
    -48394.90682535882,
    -50873.65559433491,
    -49118.30574326728,
    -52828.83876105979,
    -49476.73360541563,
    -51139.33285753141,
    -51864.64827839086,
    -52424.0312019242,
    -48786.41628876084,
    -49015.289919392046,
    -52642.6469427437,
    -43643.53185877764,
    -46995.61028914859,
    -50462.082944232956,
    -46737.03758625752,
    -50864.40592079971,
    -52885.363998991204,
    -50546.69791112685,
    -49013.89820636603,
    -45377.72198847467,
    -55262.998555143844,
    -50908.828780569995,
    -47465.62137983551,
    -48882.90925476488,
    -51919.83370039686,
    -51004.65830853227,
    -50648.67161163268,
    -50612.52383565728,
    -44618.60976654167,
    -46243.25705573932,
    -51055.6745475446,
    -48249.9495419044,
    -48524.29956530589,
    -47440.26761143162,
    -45727.81515120128,
    -48339.779826498576,
    -48824.86449138312,
    -50453.75882168347,
    -54182.80134193129,
    -49315.884486571915,
    -54237.002869615855,
    -49090.01227806038,
    -56819.454121886236,
    -48497.72677800361,
    -48600.903756478656,
    -51498.340176468446,
    -49472.436439519784,
    -51524.366875442305,
    -43982.72965264421,
    -51908.123223155075,
    -48676.04945357687,
    -49555.99712034588,
    -48656.002994362905,
    -54614.56193773878,
