{
  "actor_lr": 0.1,
  "critic_lr": 0.001,
  "max_grad_norm": 1.0,
  "stopping_episode": 213,
  "total_episodes": 314,
  "all_rewards": [
    -53455.4709177356,
    -49096.27761416286,
    -57195.77025600478,
    -50366.924541711196,
    -50966.479476108936,
    -47699.97403625538,
    -50998.27099033165,
    -44848.74495026335,
    -48132.647581795725,
    -45201.78687126255,
    -56928.586763080966,
    -53094.35656468874,
    -55133.311078133615,
    -53104.28890422323,
    -55377.34267708835,
    -61934.84168144276,
    -49947.89551484349,
    -50981.422079500946,
    -52871.60674338484,
    -45739.58576584184,
    -54692.89431888117,
    -51092.70609797073,
    -50417.52961056656,
    -51557.72490558874,
    -49663.74423518992,
    -54491.61866188169,
    -53980.075963869116,
    -48725.21864765028,
    -46716.31612448094,
    -53396.97405953302,
    -55210.86539580448,
    -49933.062980081275,
    -52514.4974987414,
    -47586.41757870296,
    -54016.35555696008,
    -56509.974307718425,
    -53313.66462651775,
    -52152.556319701915,
    -55899.97443105467,
    -50525.790848204444,
    -54455.28356079148,
    -58031.35762354645,
    -54881.42788860303,
    -53351.254591859346,
    -48148.117678372386,
    -48215.296235439644,
    -49846.194991932076,
    -49799.43555552549,
    -50796.94408090909,
    -50675.002790675804,
    -52321.89494926407,
    -53671.95622465397,
    -53690.96895935028,
    -53842.87085079991,
    -54796.564927174804,
    -54711.34811863006,
    -55894.39192610607,
    -56234.43011308957,
    -51124.16686129028,
    -50826.93647224781,
    -49259.52903977135,
    -57244.76537606172,
    -59120.398398442296,
    -54305.180230771126,
    -51448.379610805816,
    -54659.18401819418,
    -51106.36354495058,
    -52222.057370378774,
    -51702.10961911379,
    -52210.47443358873,
    -59326.423999908904,
    -51457.66511098966,
    -48640.6563954628,
    -57885.19606006783,
    -60072.98488329962,
    -50052.91092784757,
    -54232.32046029417,
    -52351.299604036365,
    -50005.34968762469,
    -54015.235563961796,
    -54390.358761904616,
    -52668.86454924597,
    -54450.28868131074,
    -45036.38810882478,
    -54457.18843611481,
    -56053.311446777625,
    -61706.22078276703,
    -56463.15390801388,
    -50773.113984620446,
    -47227.88079585688,
    -49582.89934146506,
    -51343.303276101025,
    -56162.12052257567,
    -54507.19447719595,
    -48464.03504927811,
    -54726.31626100598,
    -53621.23677848057,
    -51389.91433823633,
    -49688.996284050605,
    -52296.95701292119,
    -54384.15326695804,
    -53908.5285638169,
    -50316.90067198062,
    -50908.91830101195,
    -46940.95509192008,
    -52047.208843533605,
    -49658.799218282664,
    -51550.38381411406,
    -51759.458358631906,
    -53269.52054067404,
    -51127.57769783649,
    -45775.35624694238,
    -51125.55657326472,
    -48780.02839288061,
    -52848.0037437432,
    -51230.98595266174,
    -52326.17421182184,
    -55566.69795922015,
    -49476.07817295584,
    -43634.41793523504,
    -51347.38552200372,
    -52611.40613934507,
    -52135.371817708765,
    -50158.814294316566,
    -51607.612149167195,
    -52348.82941442854,
    -48600.261505301685,
    -43918.19549300655,
    -60547.184928290764,
    -54132.365007756875,
    -49695.60384406527,
    -52215.95912569879,
    -52535.95603627853,
    -56134.02115555688,
    -58099.93296875067,
    -52374.82866107529,
    -56255.74170151349,
    -54781.51437614825,
    -53719.63882590828,
    -51502.8273714328,
    -51680.562361753655,
    -50532.88265923309,
    -51226.3830826351,
    -54000.52096144287,
    -50265.488770715565,
    -52812.743538259194,
    -56011.60628291812,
    -55489.59304040812,
    -49129.03275735485,
    -51787.86974308639,
    -55825.39511434595,
    -58646.58340170337,
    -58164.95371217451,
    -51492.53634932364,
    -54906.818866097536,
    -55470.26780614867,
    -51804.183096774774,
    -55316.56207424479,
    -54615.633712073744,
    -53407.326153105445,
    -46811.374265301594,
    -52621.56623865806,
    -51078.296616846055,
    -52430.48033758184,
    -50234.70094999627,
    -50919.895259530065,
    -53013.047240405875,
    -57355.24851466625,
    -44835.223269281036,
    -52460.44308516415,
    -49139.1538189816,
    -45136.77900082644,
    -54124.40622576637,
    -51283.88089752249,
    -54814.82118456096,
    -55588.112409653244,
    -53636.49779634799,
    -55392.952291692134,
    -50324.280589960574,
    -47575.41968062305,
    -47953.860563325565,
    -61214.92476207447,
    -48874.66363392493,
    -55300.3051354793,
    -49718.23626015139,
    -57065.57623831074,
    -52548.66370923215,
    -46166.05338428686,
    -48714.6489239251,
    -53107.77064173357,
    -56059.48160708009,
    -57367.24526422184,
    -52321.59640446972,
    -51518.9767938357,
    -52322.724475103496,
    -60842.887276648325,
    -50243.41091485225,
    -48322.68637748801,
    -55345.71781557267,
    -54040.60142060352,
    -54782.92421509439,
    -52718.57881205206,
    -53373.63689643249,
    -56445.71156860642,
    -53961.753442921894,
    -57971.164877116345,
    -53017.81947033799,
    -51435.77856675798,
    -56015.900062086635,
    -47045.01535971025,
    -53421.93813598032,
    -45988.72749532023,
    -58300.38638139283,
    -59367.80246497156,
    -48782.29539393351,
    -50279.39424488954,
    -51835.01596503577,
    -52195.255350281215,
    -51426.59318775439,
    -47114.9525525191,
    -52186.16795142206,
    -55933.71912790043,
    -56473.81411626449,
    -51713.49781886552,
    -51193.76039794657,
    -55775.52726580094,
    -54708.91662699315,
    -50722.93188055483,
    -48130.79409699438,
    -53509.09103479798,
    -49658.61225079283,
    -48238.019497022295,
    -60335.66326120516,
    -54398.85498980341,
    -55354.62359481577,
    -54585.26058440177,
    -49698.13588216342,
    -49876.50340205836,
    -47530.99241594508,
    -59091.95389653644,
    -49230.62635934747,
    -53560.42951724901,
    -48198.44247428939,
    -51828.30076468862,
    -46893.187876550735,
    -55949.69756706002,
    -48643.41894342425,
    -50689.1395820663,
    -58304.933306358624,
    -56435.078331917604,
    -50065.35711823503,
    -58138.03308765656,
    -62915.108361126535,
    -51997.79892313222,
    -60249.00342916422,
    -54091.77365480128,
    -55794.18197627574,
    -62778.6889681893,
    -53608.749722355824,
    -51768.88959423572,
    -53105.63408820248,
    -58292.33493804303,
    -51153.07912433391,
    -51336.79892863951,
    -53621.745870328225,
    -55737.99402067028,
    -55690.36906089651,
    -50336.83603302062,
    -55554.768243009894,
    -54188.64371063031,
    -55090.544485932485,
    -54342.12021529736,
    -51266.49585547372,
    -51764.91368203818,
    -60917.91669329183,
    -55077.07409634839,
    -58068.19847105908,
    -55030.55624577198,
    -55604.53996207767,
    -53148.09011197641,
    -54152.191991795495,
    -53363.72409342277,
    -47529.3591480427,
    -48177.10820940916,
    -59670.86288200795,
    -57236.25818909409,
    -55503.52151635033,
    -53412.92324422675,
    -58374.96598680693,
    -52935.4496963778,
    -51675.02560575253,
    -51938.001536744305,
    -60400.30632073566,
    -57208.96970451771,
    -54856.42442966937,
    -48015.66268480793,
    -53322.854931451424,
    -56333.7933108999,
    -57889.624833834656,
    -52799.32671949916,
    -48813.76981523048,
    -54737.83004805605,
    -57018.847176464085,
    -54667.18514534761,
    -52230.20526309004,
    -56138.73183615668,
    -54936.22153012904,
    -51767.38183293882,
    -51687.95463172338,
    -55310.627760200485,
    -48788.15128653626,
    -57855.45045062598,
    -51305.97238450104,
    -52164.876824739265
  ],
  "final_reward": -52164.876824739265,