{
  "actor_lr": 0.01,
  "critic_lr": 0.001,
  "max_grad_norm": 1.0,
  "stopping_episode": 244,
  "total_episodes": 345,
  "all_rewards": [
    -35715.130773999896,
    -35926.88323515394,
    -45411.72639578258,
    -49922.56765303106,
    -54350.96148894552,
    -55316.25597239681,
    -46569.05285800384,
    -41770.01160321804,
    -48732.47015986916,
    -43965.69592840852,
    -42337.23568202371,
    -43013.05902828668,
    -49495.011864317625,
    -47273.76946832436,
    -47970.50911502549,
    -51240.032683153906,
    -41774.91806240542,
    -39542.04979697325,
    -42471.37727672055,
    -42740.376896953516,
    -36706.7966922187,
    -42999.036036972495,
    -44767.425790277295,
    -42738.366698411905,
    -48765.98275561312,
    -45142.81040645972,
    -41922.704317882846,
    -43522.87509853919,
    -43550.17492107958,
    -42989.68766280502,
    -41431.82905083723,
    -44397.87087265161,
    -41554.66805772514,
    -41796.17970017805,
    -45809.2100742935,
    -48538.35760264653,
    -46872.85708759858,
    -45502.564854888704,
    -46631.87289468577,
    -43165.00453872534,
    -44901.95877038277,
    -41776.4300852568,
    -43778.024492188655,
    -41929.89583322879,
    -41635.23431751602,
    -45033.370259990195,
    -48508.411338661375,
    -46801.340139384454,
    -46895.61684962845,
    -41207.44557823483,
    -41611.24026350473,
    -46657.249101777,
    -47411.96695436488,
    -42186.84260096615,
    -42764.05222888324,
    -38983.942520534525,
    -42957.466983138394,
    -43960.352119840085,
    -42929.68373677283,
    -46363.60985972524,
    -45663.167173275055,
    -40878.178558447464,
    -39072.76098496959,
    -44218.3738426777,
    -45633.17621736476,
    -49715.73899111005,
    -44598.54459205479,
    -49359.95639673855,
    -42522.95057227517,
    -49708.54826565928,
    -48385.577909983294,
    -42387.39935079788,
    -45558.51592869703,
    -45439.21060397711,
    -50840.357655824344,
    -44809.642439283365,
    -43297.85928051418,
    -45496.10598526811,
    -43638.83710342528,
    -44228.832633923215,
    -43742.54917450605,
    -46565.97378422886,
    -40792.83833699586,
    -47090.92142304454,
    -43306.253179071304,
    -41717.61965375404,
    -41512.11374631844,
    -48603.03139737706,
    -41932.26675798826,
    -44273.02578871898,
    -45646.79206321087,
    -45163.68186495572,
    -41941.4184522776,
    -42887.81974739325,
    -45344.837889470546,
    -46942.49564952861,
    -41387.76364795738,
    -42036.283130401,
    -41094.269208139456,
    -45859.405012269934,
    -44877.24050178761,
    -44782.54791569098,
    -40358.247534674025,
    -43589.65695068719,
    -46484.57371860004,
    -51681.19354616009,
    -41478.69431686446,
    -45471.18311809624,
    -44561.06874497425,
    -38807.34129336302,
    -45584.05360807327,
    -44238.33500898903,
    -43069.635763327926,
    -39196.81864608855,
    -45042.737408430155,
    -44957.22756755629,
    -47691.15143668215,
    -41885.39809041669,
    -42915.75602870575,
    -39592.72405668721,
    -43558.39872834945,
    -44736.79941194543,
    -51476.22133409335,
    -44777.06302804859,
    -42111.55057452453,
    -44304.63971093979,
    -44038.04487856061,
    -46889.85899944075,
    -50212.31125955611,
    -46181.8197901767,
    -44479.80210093976,
    -44486.069670664205,
    -46622.809894006474,
    -39389.99752420795,
    -42112.33842956694,
    -46450.73416027159,
    -43317.35710793133,
    -50513.500207640915,
    -44182.04235896856,
    -44097.697744572186,
    -42304.43984371015,
    -41796.21716614464,
    -45791.386284190216,
    -43736.97649600891,
    -37614.33338788708,
    -43925.768317431204,
    -41983.47859134116,
    -41375.384337852345,
    -40061.58430018879,
    -45896.50969924573,
    -49987.54631810646,
    -49377.984432433615,
    -40724.76781878055,
    -41689.23913688087,
    -40873.12228463491,
    -40310.91731918818,
    -46514.250845527786,
    -38684.7160338201,
    -42718.16785247196,
    -41964.28016139104,
    -43808.23416542174,
    -42576.51970116343,
    -47743.56009935386,
    -46852.830699578575,
    -45750.71859294322,
    -45081.364844093325,
    -46545.30323777121,
    -41405.22923480519,
    -45603.453954545635,
    -47842.074450353146,
    -51459.13460458442,
    -44853.3794366383,
    -43927.09336659372,
    -42021.85779426597,
    -47065.87712211981,
    -48870.35721157623,
    -42551.25103245889,
    -47517.46027269618,
    -46326.56994618248,
    -43425.061958029,
    -42631.535450868425,
    -39917.46995420119,
    -42526.4784882858,
    -41416.217126754476,
    -49230.57371479438,
    -46691.2683209491,
    -40877.852622845436,
    -44032.221607641535,
    -43456.16453059885,
    -38975.20017209236,
    -46525.99374952846,
    -42283.05404043181,
    -41210.311144202664,
    -43546.351154020645,
    -36529.603341870854,
    -46370.17073418458,
    -46137.88083871077,
    -40577.29054525303,
    -48847.69569387144,
    -46284.4152472585,
    -44293.49246225361,
    -41058.035627757214,
    -41000.28835910182,
    -38967.90768247766,
    -42008.07246746632,
    -47893.253240026876,
    -43977.278851852454,
    -46431.22012102501,
    -41068.614487008206,
    -45788.27739629456,
    -42461.472592847815,
    -44996.86390062483,
    -38864.8951970588,
    -46181.55979749927,
    -41279.61354764611,
    -44309.350115653724,
    -43991.85209332645,
    -40985.027722873005,
    -47598.07697287896,
    -44991.61724268856,
    -44978.08166859124,
    -39001.7493939297,
    -48822.76998805608,
    -46377.267315223835,
    -45686.931086833516,
    -39458.31874669652,
    -40838.77052830239,
    -45548.11960690318,
    -44845.261010103844,
    -44402.61367556189,
    -39380.65616420124,
    -46189.42241726965,
    -46727.54041626908,
    -49116.676094830706,
    -39300.14879378545,
    -39198.80877200776,
    -42132.72281838164,
    -48655.38809956348,
    -45483.58163156902,
    -49201.22931849217,
    -47114.81901336893,
    -50162.70385879129,
    -43988.699677132754,
    -42246.545970035244,
    -42251.193998958704,
    -42106.003219190185,
    -42554.90860202418,
    -48376.499652638326,
    -43985.9985528283,
    -44572.1362403726,
    -46422.92215863861,
    -42122.984053228036,
    -41147.74878331121,
    -43917.32852414899,
    -49342.263622430946,
    -40200.68560952879,
    -38965.85199591481,
    -40913.25769496894,
    -45505.49442475588,
    -46906.51791421761,
    -44089.31157344463,
    -44183.24883260309,
    -45601.779658853804,
    -41464.68410311473,
    -46262.76574481252,
    -47892.412383225135,
    -44385.61498733818,
    -46372.49359005988,
    -46065.59171324658,
    -45823.95369197484,
    -39074.32784888924,
    -45319.7983099132,
    -43850.794722568695,
    -44741.41427658488,
    -45373.59980746087,
    -43847.14761261274,
    -45890.18459397301,
    -44323.487605327275,
    -45550.257862644794,
    -45664.82906790557,
    -45359.00277229746,
    -43223.52140727587,
    -49397.996565998204,
    -49323.97148968306,
    -50167.56724337779,
    -40397.54576101324,
    -46456.01426897818,
    -45480.493089838754,
    -47443.98514883498,
    -48071.380793052704,
    -39621.35083292122,
    -42914.77013013091,
    -43158.35185578774,
    -42981.10907793787,
    -45733.41220692579,
    -43639.08820691197,
    -51048.121519255714,
    -44111.9182693923,
    -44485.17125541229,
    -36915.642511279024,
    -42200.4668630674,
    -45425.815144535125,
    -42798.454115385735,
    -48447.38105985737,
    -46401.820705361395,
    -49335.10243619599,
    -42477.48629103907,
    -45061.83321343165,
    -45726.65555498851,
    -48563.88219756251,
    -45685.732769423106,
    -42555.17368082863,
    -45570.668569602276,
    -39692.35170398802,
    -42408.05887753975,
    -40150.03762384291,
    -47030.28810088934,
    -42472.3616701505,
    -45436.13063340763,
    -43959.35308814274,
    -40791.68155485999,
    -45405.52820735124,
    -42604.18655993029,
    -42628.61539011653,
    -48038.85595514963,
