{
  "actor_lr": 0.1,
  "critic_lr": 0.001,
  "stopping_episode": 245,
  "total_episodes": 346,
  "all_rewards": [
    -37647.44407446152,
    -39971.01740794099,
    -39421.792034349,
    -45392.20566483712,
    -43642.537188386406,
    -45574.14580754665,
    -43444.141449874325,
    -43022.59416251406,
    -48964.907769476915,
    -44797.722711069575,
    -43344.4310420677,
    -45698.272122958326,
    -40991.47711068779,
    -47373.172887273846,
    -42527.59105139233,
    -39267.74961717572,
    -44476.46126576778,
    -45408.29650533992,
    -45637.094624171885,
    -47688.58602220763,
    -41525.44390219428,
    -40839.502332231896,
    -44534.96869800942,
    -42171.88332423283,
    -40699.47135987075,
    -40736.486137244705,
    -51805.957987943126,
    -41261.706877699726,
    -38487.85860063465,
    -44214.64302117527,
    -47271.49575513671,
    -45486.51098034213,
    -43534.825687057586,
    -43632.26561123353,
    -42025.74280765508,
    -45801.99856346115,
    -46780.29559813826,
    -37751.497464375105,
    -43943.481688351734,
    -39483.68612792609,
    -44983.928769066224,
    -41455.919616270025,
    -45204.841515103086,
    -46725.19074084301,
    -40490.94618576548,
    -46900.01432487486,
    -45843.54676717451,
    -46090.99114082183,
    -44634.937038181626,
    -44871.63490737215,
    -46376.04739684159,
    -43545.72962583447,
    -41101.98715190419,
    -40197.083041973776,
    -37556.61962521231,
    -45005.85849949123,
    -45845.3093725561,
    -41377.46784341843,
    -45103.49560652287,
    -40467.48260707867,
    -46917.502860687884,
    -46571.93441070439,
    -41044.808209846575,
    -40860.0564374775,
    -40142.03746752208,
    -43114.69203763358,
    -44791.557321852015,
    -44653.046102958884,
    -46031.00195591643,
    -46780.26074357623,
    -44968.032289557545,
    -44614.42288913889,
    -42914.19987866558,
    -40202.868607662625,
    -40960.44581074282,
    -45055.90169799862,
    -44506.646834752864,
    -49455.75840563971,
    -41332.44148353513,
    -42759.84338319129,
    -49505.09118392661,
    -45953.84428734313,
    -46983.76869005409,
    -44067.134503049805,
    -45310.629167585466,
    -40696.14613790845,
    -40900.12316999068,
    -39532.40636207334,
    -42799.038298314714,
    -50863.36028915095,
    -43409.78518211432,
    -43060.31925723597,
    -45319.600587302,
    -38222.39849069171,
    -47819.11679556541,
    -42296.22944938197,
    -43005.381813960375,
    -45967.98799141714,
    -47237.82738345414,
    -46825.82934593779,
    -45230.39204674676,
    -44091.57729221627,
    -43050.58411064939,
    -46611.98077939543,
    -43143.22811766662,
    -46799.25828754721,
    -40444.33577867993,
    -41925.82955103767,
    -34328.970133398216,
    -43558.33292918937,
    -40495.71471906478,
    -46395.667911817596,
    -41036.17346712437,
    -50530.96400371363,
    -40814.257737663735,
    -45791.23785662335,
    -43547.89358407366,
    -47645.777563003096,
    -45687.89205576616,
    -45879.679981842506,
    -45344.07747794567,
    -46157.47684427913,
    -38817.27884125504,
    -43861.11379005406,
    -43036.71674124037,
    -45772.17171393172,
    -36807.94767301199,
    -42335.91557833637,
    -42560.90736535364,
    -46580.89908118635,
    -44383.51072871469,
    -44187.470161156416,
    -43655.63934549662,
    -45875.22794135745,
    -47288.22979517265,
    -49292.14626834171,
    -40266.45553533571,
    -43238.08059907093,
    -41190.543066306236,
    -49078.97654384674,
    -44122.38106126589,
    -47886.60984580695,
    -47073.1624102316,
    -44103.3001068528,
    -46202.44146082147,
    -40483.87719819698,
    -50771.67717412809,
    -43607.77352246496,
    -44725.31177372106,
    -43180.882057130235,
    -41743.45723885811,
    -44854.405375225906,
    -40113.92593343518,
    -42341.429553913855,
    -48942.93435605075,
    -46824.14232626033,
    -46746.76217092185,
    -40850.62395184983,
    -41609.54234312564,
    -44757.613450930934,
    -44079.76505422503,
    -42961.154345459734,
    -42815.51674523442,
    -43217.34203124066,
    -45404.55631840547,
    -44146.241859289614,
    -41188.72892139669,
    -43126.99948089834,
    -37576.251881854994,
    -42795.7472711601,
    -42239.86615122062,
    -46878.51391308198,
    -46575.14977563263,
    -43915.5788278549,
    -45540.44068016514,
    -46362.21973346574,
    -47359.76625580463,
    -41324.954076288835,
    -42847.39518772692,
    -52374.24498663601,
    -36127.78903412052,
    -46666.363782300614,
    -45361.06079021544,
    -47200.872500157384,
    -45953.302978354586,
    -44879.44988043715,
    -41285.09173789818,
    -42810.47494265129,
    -44258.903636891235,
    -44683.56616469324,
    -44222.503010137516,
    -36623.805641226405,
    -44139.03698818643,
    -41597.890528932236,
    -37343.296892069695,
    -44799.815960756736,
    -43287.7068079905,
    -40182.05903036326,
    -44634.84460111828,
    -40892.17275314784,
    -42198.41377099583,
    -43526.90868685602,
    -41928.380402776704,
    -41146.64766197185,
    -41053.66638881845,
    -46639.01659086279,
    -46212.22419320319,
    -44856.3808608278,
    -45872.44621902423,
    -45083.753068019265,
    -46791.8105646831,
    -43534.9391776971,
    -45483.59744990688,
    -44657.907569405725,
    -44002.885697923775,
    -44869.70667882222,
    -49195.66412021942,
    -43978.34903027012,
    -42267.767456225934,
    -45393.29797260303,
    -47289.34441215011,
    -43874.13935070675,
    -39466.57716577849,
    -42732.44101042756,
    -47433.16576924415,
    -48230.45115604949,
    -46466.44149471068,
    -40528.143717604486,
    -45307.706720088834,
    -45627.73095247606,
    -40609.734771183925,
    -43178.04070393448,
    -40033.01464548283,
    -48433.26083921568,
    -44319.82445260265,
    -47275.297795339604,
    -45717.9648076653,
    -48468.470399917445,
    -45256.64145357613,
    -48635.31767790061,
    -42206.29627734116,
    -50359.90089057728,
    -42288.03533317472,
    -44431.17550580665,
    -48088.79006975945,
    -46366.584145709676,
    -46323.49739690476,
    -44250.15018716352,
    -37751.637037761684,
    -41615.23725408063,
    -43221.69475554991,
    -44177.23510644686,
    -46570.87879259908,
    -37924.83523567725,
    -48209.18952892981,
    -46969.892661079444,
    -45404.76063453,
    -47722.317211924776,
    -43078.088963398026,
    -52962.47796526344,
    -46861.162859963566,
    -47687.77535842363,
    -42672.848251889205,
    -43576.911358589015,
    -46995.83803824836,
    -43169.585193071456,
    -50659.767395326635,
    -47294.28821385139,
    -41460.414254258685,
    -43369.10239030478,
    -43075.764713425946,
    -44942.35113529456,
    -42553.01574348271,
    -47560.64153242194,
    -42870.149398668196,
    -46175.28035876612,
    -42348.03970762274,
    -43744.1485122891,
    -47987.91415819404,
    -42453.78787692023,
    -44528.576320028005,
    -44600.685130393395,
    -43227.44699020531,
    -45791.80639358517,
    -45566.92819874485,
    -38497.49086932242,
    -41303.639950652636,
    -45773.57157191125,
    -42947.45562298021,
    -45201.28090480836,
    -36221.577433299826,
    -41133.22098862384,
    -42957.202577259,
    -43109.78920744332,
    -48719.51491624738,
    -40702.15699384352,
    -45711.16773761763,
    -43023.770963006886,
    -44276.24927408027,
    -47175.37736685021,
    -43091.2908709823,
    -42780.1030542553,
    -42480.54674647533,
    -44366.602480639616,
    -45866.05527586703,
    -46298.06810130425,
    -50712.90562914795,
    -39477.08113710273,
    -43751.99792738253,
    -39565.97160617119,
    -50856.31708789265,
    -49627.788263138464,
    -42678.725322857965,
    -45512.959934335646,
    -43326.448763730354,
    -44452.9386412747,
    -43628.451906431095,
    -49122.78727510255,
    -42781.81164823839,
    -42471.39685412885,
    -48387.81616890177,
    -44391.449373993615,
    -44291.69350270763,
    -44897.66365940768,
    -42955.89148897456,
