{
  "actor_lr": 0.01,
  "critic_lr": 0.1,
  "stopping_episode": 307,
  "total_episodes": 408,
  "all_rewards": [
    -56865.70256720243,
    -47824.57997301838,
    -44563.494394329085,
    -50568.601966153496,
    -52412.576916643055,
    -50047.35488754893,
    -63970.04472358923,
    -50955.44563390165,
    -59225.559043214234,
    -54707.121787209966,
    -53598.997569434905,
    -59777.52416859704,
    -65235.99220028417,
    -62695.44850546156,
    -58629.3239689383,
    -55797.30685559044,
    -51275.66557015578,
    -54028.82839785533,
    -53128.11051389055,
    -50100.198831645335,
    -57239.28960200476,
    -57650.93899379253,
    -55442.67470861791,
    -51006.992739661575,
    -48015.47292333594,
    -48752.99390973483,
    -56579.35483277262,
    -47363.56061802406,
    -55435.71267563016,
    -55015.171959293206,
    -57624.731630358976,
    -55554.68547051098,
    -47436.14131804556,
    -63281.841795363514,
    -58583.39244235232,
    -51324.02146371572,
    -63633.16071012344,
    -49634.39927442048,
    -55307.51010445962,
    -53483.1237633302,
    -49662.36930137414,
    -50417.70123022843,
    -53544.62213678789,
    -54328.50047354732,
    -52221.38042289532,
    -48607.681223146166,
    -62481.34644129627,
    -52549.128225840264,
    -50481.05477708796,
    -59097.462740010335,
    -54601.82209360315,
    -52547.46799596674,
    -47667.65639454467,
    -51392.28788739466,
    -45863.83526185106,
    -51802.88211421165,
    -53057.699441659126,
    -52593.976960803906,
    -54702.023538302674,
    -50798.2183228186,
    -52563.23053880376,
    -50060.481418369505,
    -55122.036364213716,
    -58151.38930660627,
    -50069.765917317665,
    -55395.325754631645,
    -50574.06363368329,
    -48696.244102977704,
    -58904.140157612084,
    -60770.7384248619,
    -49873.477997140464,
    -47891.76999584073,
    -55629.7485652434,
    -54236.51858664607,
    -54999.58544320147,
    -50481.53651988915,
    -54897.59912194504,
    -52746.32994094466,
    -49110.876557041775,
    -56769.54857612976,
    -55045.185351138585,
    -49611.69257066118,
    -49961.46598294288,
    -49828.754839659035,
    -51679.77442896071,
    -60524.5066711005,
    -54887.652065977214,
    -50348.78057396221,
    -50508.0325369792,
    -57758.58282538757,
    -58357.18758867179,
    -54975.33473815111,
    -54945.248493188104,
    -51327.89771373535,
    -52241.55827741416,
    -49691.45447026582,
    -51658.280455317894,
    -54010.92261302031,
    -47387.07631399881,
    -49278.83649846892,
    -52783.87114312302,
    -50716.40912700092,
    -53558.70290892085,
    -51133.64361092059,
    -52476.11950161076,
    -48458.24267681017,
    -49784.490621376826,
    -51470.78862324198,
    -51849.941689422005,
    -55574.35243791521,
    -55349.64198351318,
    -54588.070029741706,
    -54329.881276241176,
    -45457.615473763595,
    -50256.5132417904,
    -49020.670840268605,
    -53900.259246867245,
    -66748.31620883047,
    -54056.247648380166,
    -54445.916643116354,
    -50356.473708089754,
    -47869.33622824345,
    -51436.1438282982,
    -55611.1080723099,
    -59281.51642604563,
    -59449.80810461171,
    -44647.66330347264,
    -49826.29546947871,
    -63580.47517700921,
    -53881.91747676245,
    -50879.88798698979,
    -48310.29190201637,
    -52813.99908084021,
    -70109.01326954454,
    -53497.7713727989,
    -53562.805739378135,
    -56968.543751116435,
    -57087.05985234913,
    -49307.301609141345,
    -46826.82287752855,
    -52170.735959243146,
    -56941.232632331055,
    -53484.98703695733,
    -53170.123632893316,
    -51329.966528580255,
    -53728.694399529595,
    -56102.228657281674,
    -50849.15855291368,
    -60901.06800691267,
    -53060.7739605506,
    -51143.60260235074,
    -60310.243088787145,
    -54989.93285373565,
    -49137.561571169295,
    -51081.36835020775,
    -60891.63272764837,
    -50086.20502317619,
    -58531.300161009036,
    -52359.15483154426,
    -49641.51314660207,
    -56636.26447987583,
    -50413.60666382051,
    -49506.08401988187,
    -54389.87985295013,
    -53456.91202650276,
    -52911.646484753575,
    -50128.63378503269,
    -61860.978176720535,
    -51361.375644222484,
    -58445.5231975897,
    -57308.81093951282,
    -50829.3653835041,
    -58225.13313452048,
    -60454.747180693776,
    -52041.837658983735,
    -54610.6319047487,
    -52117.605206814136,
    -48282.764570484636,
    -56954.415750588465,
    -50686.47556786818,
    -57776.28637086668,
    -54563.069497207514,
    -57295.27978179249,
    -48631.940395905796,
    -63655.83353770622,
    -55691.12080667605,
    -49553.75311619203,
    -53847.616732784496,
    -57736.64892917557,
    -54898.695226104246,
    -51269.36550299099,
    -47509.80466711586,
    -59197.76144824143,
    -57249.01388776723,
    -63657.496805961106,
    -53546.83501212043,
    -65632.88095533372,
    -57835.346736781685,
    -54087.20597220361,
    -59629.218261174,
    -50494.41817367046,
    -57326.46583380719,
    -64027.22185879445,
    -53495.14742839658,
    -55096.28097368749,
    -52532.689745749885,
    -51261.31378233708,
    -52363.485952679046,
    -56300.24133162345,
    -56644.96741168228,
    -57674.62294410912,
    -53270.82927685025,
    -58546.13760506063,
    -51637.3309661443,
    -50399.10722530843,
    -50106.77436116791,
    -47822.32818821572,
    -51046.98732011303,
    -48624.81589920569,
    -55725.258426353874,
    -51798.18648600963,
    -61741.951469695116,
    -58627.457943775305,
    -56409.75317977705,
    -59031.480635642845,
    -56140.11526437406,
    -54574.42447545103,
    -55792.443538572836,
    -56294.41780061292,
    -66589.53616334725,
    -54674.92155638336,
    -52394.43958999669,
    -58116.12773894634,
    -54257.42504778878,
    -54559.17906198694,
    -53419.95378865439,
    -54705.19815131726,
    -50286.57359284308,
    -52579.29543261056,
    -51392.65543042171,
    -59314.25890020645,
    -58427.254556844404,
    -50307.77372002741,
    -50978.74719176498,
    -52085.692204476596,
    -48744.08157715678,
    -51756.84578947827,
    -69686.4140757811,
    -51704.0445805131,
    -57274.64520265172,
    -50558.082148305846,
    -52653.90235929626,
    -53073.00290488897,
    -55365.85936013559,
    -52999.889846204715,
    -51704.824455373106,
    -52620.63562388462,
    -55981.561988418376,
    -51365.10119532746,
    -49015.66591450322,
    -61657.89757079396,
    -50149.65764137431,
    -54570.58672429553,
    -53627.340595994174,
    -54645.17346535716,
    -46922.613623866986,
    -53783.740983774485,
    -51415.148552052626,
    -50765.116074186815,
    -52255.498667172156,
    -52012.222981883366,
    -56526.451321080254,
    -53157.44461124904,
    -53826.151584397114,
    -54150.16812330124,
    -48973.193565108304,
    -54589.26044208184,
    -53305.98020863082,
    -49651.10832102563,
    -53973.45271411121,
    -52231.76230125868,
    -53368.45540830006,
    -57287.176400268334,
    -57594.29446787919,
    -54960.489362407294,
    -52623.58849449095,
    -52919.25078139356,
    -54553.40153293559,
    -56037.52998727369,
    -49613.61725347857,
    -52215.56734440281,
    -51508.962677910415,
    -56489.81807556831,
    -55565.45239454352,
    -51955.94904524471,
    -56659.11299267046,
    -48579.71257640084,
    -48683.99752429164,
    -60772.496685969825,
    -49720.31050070579,
    -49681.29191385253,
    -49948.40703575093,
    -52958.542425728585,
    -56471.69458415144,
    -51843.85808307254,
    -51950.507034903254,
    -47811.54984426749,
    -52761.79187606924,
    -52382.96628762693,
    -53896.18705292214,
    -52393.0776146716,
    -51390.76722997814,
    -49525.25827724676,
    -55295.66249335925,
    -67063.61941682745,
    -61931.587422698605,
    -57693.454207378505,
    -50406.972313177524,
    -49455.59294771599,
    -52013.010071966986,
    -58491.322373959716,
    -49091.15910538825,
    -52845.930981545025,
    -47252.86796419826,
    -57613.364799204384,
