{
  "actor_lr": 0.01,
  "critic_lr": 0.0001,
  "stopping_episode": 233,
  "total_episodes": 334,
  "all_rewards": [
    -52256.10527133042,
    -41951.18683494118,
    -45422.20336130984,
    -51751.439859878454,
    -48301.16694437611,
    -51950.87509501597,
    -51352.60425845964,
    -52874.579289619614,
    -50343.86154103286,
    -49260.4449087077,
    -51883.890743382326,
    -52266.96261068357,
    -47470.342191140466,
    -49678.538619628955,
    -51808.7554494818,
    -47633.64568539109,
    -47009.35640827071,
    -44209.07940664511,
    -47125.904061700145,
    -45912.499859932046,
    -47245.300752284515,
    -48123.68158440464,
    -48102.37204724852,
    -44212.05336003598,
    -52451.410051447194,
    -49748.04489573907,
    -54863.20988064467,
    -50821.50581258387,
    -45408.10916760712,
    -42369.10532502693,
    -45938.496181167604,
    -55030.360987914406,
    -53476.47863078155,
    -54692.71979529214,
    -53070.474798479874,
    -45670.87614260816,
    -48789.10346601147,
    -48623.75160764298,
    -50874.92323208026,
    -48197.89528450437,
    -46687.95977088494,
    -50161.63993191768,
    -49055.26284027659,
    -47879.6650970915,
    -41299.7955649836,
    -49415.09968172234,
    -48898.62525898573,
    -50771.79590379337,
    -39889.9923258364,
    -46625.30423373102,
    -53520.558935514935,
    -49078.72393684777,
    -54215.84890171856,
    -48758.7878025628,
    -49581.144179348084,
    -48267.11228992735,
    -51539.560936480724,
    -51462.11794666399,
    -54205.01834804224,
    -55592.88614505075,
    -50230.366819788804,
    -50856.49170819566,
    -51975.78822152568,
    -50608.344327717015,
    -48181.64251211784,
    -52894.595059083375,
    -50532.05262764685,
    -44059.90850772484,
    -53419.167393991745,
    -46125.39808441183,
    -52453.35995478659,
    -51437.19618123474,
    -56000.79696026594,
    -59892.63951842545,
    -42607.03895643318,
    -47922.27743650142,
    -55854.277453604125,
    -50697.99671522229,
    -48188.64893273531,
    -46950.19812700133,
    -50384.45602077053,
    -49330.39432733495,
    -49765.00999922987,
    -47084.03727398293,
    -44980.53839622619,
    -52906.673168655405,
    -56100.297430967665,
    -55856.9899895813,
    -50173.55369572603,
    -58672.13028834661,
    -49681.1842228678,
    -55457.42037830001,
    -48477.972178145035,
    -53146.68505103178,
    -47751.9008916518,
    -48937.83046236295,
    -49279.46914759093,
    -45914.61491974371,
    -47862.3003354208,
    -45445.180654184325,
    -57030.190514953996,
    -48966.44041159632,
    -49674.34397924541,
    -54669.16770651562,
    -48995.1106658661,
    -46682.96616637103,
    -47285.60840868856,
    -53233.203973804164,
    -51125.67414565857,
    -45589.43174009166,
    -45960.93958086752,
    -50944.89361426785,
    -51588.38604903147,
    -53592.22390867585,
    -51843.832813511,
    -44841.447369925925,
    -47328.160052335836,
    -60272.85501481747,
    -46388.135828693434,
    -51144.351461014914,
    -46284.93613329981,
    -51184.86039742865,
    -47234.231236326996,
    -55499.44126316173,
    -47277.419247837795,
    -58194.43719619032,
    -50764.603953952865,
    -52283.35393225922,
    -55755.19036795165,
    -49309.6248119448,
    -48419.44740472165,
    -47712.63820081294,
    -53492.14910715331,
    -51436.14887266093,
    -53146.490318346936,
    -47467.71088167526,
    -50043.53250307373,
    -50531.916829116526,
    -53088.43110398017,
    -50684.2424448165,
    -52922.80456116836,
    -50093.16433620286,
    -47614.006792950764,
    -50023.516665313306,
    -51149.592669116,
    -52423.38848470601,
    -51091.46191643154,
    -49360.03778502553,
    -47197.880316837625,
    -48073.842461889835,
    -54179.85550536321,
    -48170.11334016079,
    -48034.67690979395,
    -46157.46930113412,
    -42768.47655647616,
    -49204.82663687732,
    -49621.45616626489,
    -56992.501244668514,
    -49776.97298703378,
    -57325.93956488904,
    -52124.28152273563,
    -48580.050658379354,
    -52899.90349478379,
    -47376.96968632792,
    -43849.746355534895,
    -51523.327178364794,
    -47892.65789259845,
    -49224.27867747845,
    -48235.491347232964,
    -45554.4128036256,
    -51532.47677348437,
    -46007.933189022755,
    -49149.42252381584,
    -52215.15472820399,
    -54451.65996977677,
    -52825.6707254286,
    -44092.42359389605,
    -50494.65085801255,
    -60491.19380527183,
    -51881.60731468797,
    -44689.53579446633,
    -46827.17137778693,
    -47625.45035565457,
    -57483.28186867265,
    -48460.58028535274,
    -51299.192181143444,
    -47255.205576184584,
    -49941.90798038491,
    -50016.61011655627,
    -55583.84535305163,
    -53233.132118408226,
    -52131.06811354993,
    -59767.93887184207,
    -47317.19890233876,
    -48992.10299495512,
    -48986.71724442317,
    -51468.70435516276,
    -47136.516878938586,
    -52794.08264164761,
    -46870.362424228966,
    -48498.97392813719,
    -52629.394050596195,
    -49632.503582435216,
    -44872.65675553022,
    -50211.55658878497,
    -46182.41534182792,
    -50554.09773232114,
    -47966.179194438206,
    -48142.60668523645,
    -50814.8726495361,
    -54008.771528996214,
    -51583.71868138166,
    -53764.83088181773,
    -51034.398612344776,
    -47592.616461810394,
    -50774.35241923844,
    -46017.16868524682,
    -46973.1123703834,
    -53337.27260491492,
    -47614.2509044,
    -50493.8886175856,
    -47455.2756126958,
    -54300.9546814288,
    -46816.82701315468,
    -47458.54471696136,
    -52728.75275816003,
    -55725.71901841758,
    -53335.78989752601,
    -50212.257419746784,
    -47774.802329075894,
    -50247.09316850433,
    -47012.447262535585,
    -44767.89106167683,
    -48516.531029205726,
    -50728.5792538207,
    -40739.23636272004,
    -50086.45328814524,
    -49918.24239256882,
    -52368.428805231706,
    -46901.47893307657,
    -51154.073368428675,
    -52754.92277770065,
    -45535.024753287806,
    -50427.17638817127,
    -49095.796517183546,
    -51343.34482773712,
    -49939.9448228952,
    -50901.60428195226,
    -50088.032936410964,
    -54569.48312697298,
    -52889.71472237598,
    -46147.2516964759,
    -49207.362873157756,
    -51578.79355230872,
    -49569.50074007624,
    -49195.22147885855,
    -53756.024084297766,
    -49448.747411025994,
    -50224.586707949864,
    -49052.08858000757,
    -52276.8024893728,
    -45801.26764630236,
    -47966.56804512157,
    -50457.0167918916,
    -46268.66667296033,
    -48634.00889805853,
    -52845.60413753642,
    -52870.27016416871,
    -49248.00239048189,
    -53065.92459193265,
    -56954.22595987906,
    -55259.78790943061,
    -51452.05041494075,
    -49845.95520110122,
    -44883.26280016349,
    -49325.82006605148,
    -47845.3190711443,
    -52789.986176218896,
    -47510.32374813939,
    -50567.84352259105,
    -59558.9120894813,
    -49518.76422321446,
    -51703.9750867362,
    -46603.32601918139,
    -54968.68592109789,
    -52792.4249708938,
    -47552.80794840448,
    -52626.49314281986,
    -58027.97091489266,
    -54252.72396292808,
    -50712.80305876879,
    -52895.72932800565,
    -46694.625862343106,
    -50378.058647358,
    -46428.32291593503,
    -52505.624728764844,
    -49261.14130171669,
    -49436.894081313134,
    -50396.794727925146,
    -52543.77717176061,
    -52474.50619317662,
    -48964.9632859554,
    -54011.445025985086,
    -53396.605651409,
    -55446.22468731702,
    -54514.209546229904,
    -47133.56369152374,
    -52170.25944288563,
    -57745.917663871325,
    -51949.585985784885,
    -53784.851469251065,
    -50878.54915285264,
    -50290.658691644814,
    -54697.59162302432,
    -48036.26177669008,
    -49681.82112169973,
    -49397.52769084161,
    -51073.471917888644,
    -53301.80396921864,
    -53854.442343597046,
    -45189.05359212916,
    -50863.638468380275,
    -47587.445494748,
    -55435.2276142305,
    -50558.56588664876,
    -46690.06291227909,
