{
  "actor_lr": 0.01,
  "critic_lr": 0.1,
  "stopping_episode": 247,
  "total_episodes": 348,
  "all_rewards": [
    -34058.154165834174,
    -35954.09385323176,
    -46532.99508572611,
    -46969.1904966856,
    -46764.978205582825,
    -51420.84226445837,
    -50159.158192844494,
    -42919.99833803975,
    -45466.26300620037,
    -41760.41584944462,
    -45031.21533895053,
    -45388.29137227454,
    -47333.23759475167,
    -43781.85105684137,
    -47911.31257289219,
    -45041.384271139985,
    -48846.493650285054,
    -43092.164214425175,
    -50888.11524124927,
    -44762.75517480629,
    -45620.00612861115,
    -48856.02140340104,
    -49001.28287683838,
    -49312.679482844695,
    -44139.99708334694,
    -48473.64008463221,
    -49389.420808297284,
    -46981.91053513528,
    -45051.55613986944,
    -53081.239804920275,
    -51062.37161569075,
    -46177.053211253624,
    -46231.00552178325,
    -42967.87155948545,
    -46536.533438942155,
    -45696.190899678295,
    -41963.29416817806,
    -47009.42832796156,
    -44490.79687326472,
    -50177.634661827244,
    -42618.36634494737,
    -45160.647322811164,
    -41926.2002061366,
    -52946.68780153896,
    -46704.38769750527,
    -51415.55014777042,
    -47779.8590131977,
    -47835.9547750055,
    -51176.5350285819,
    -47846.45215950924,
    -49150.66621611452,
    -45270.90050484752,
    -42305.39043365645,
    -40942.02489011221,
    -47112.06104662013,
    -43642.450082764546,
    -46156.92318040085,
    -46823.41502882479,
    -48874.968410882015,
    -48418.56268798451,
    -45823.77958331485,
    -50216.78202309172,
    -47958.601964994516,
    -43594.014905012176,
    -49401.600535658545,
    -49963.082429150956,
    -40144.797413521155,
    -44072.072122263824,
    -48394.340999981665,
    -45324.27586255958,
    -45464.62567832213,
    -51043.045081619246,
    -54937.53322243663,
    -46662.32723410238,
    -50611.890311559706,
    -47859.205937162005,
    -48130.39824990713,
    -48145.08491927658,
    -48703.50749461858,
    -44440.610927603564,
    -49887.31550161752,
    -53169.77662211033,
    -47702.44614121944,
    -41723.47415626625,
    -50201.955644383255,
    -50130.079449340905,
    -46718.1398644237,
    -42104.07385755282,
    -52832.562028483466,
    -48139.9874184139,
    -50953.61818735674,
    -45328.151597068005,
    -39843.69194375788,
    -47116.737833467225,
    -48648.121978170704,
    -46684.630589499415,
    -49769.87862575867,
    -45371.10860902961,
    -49056.73419742919,
    -46502.30644539784,
    -48451.73015890834,
    -43836.88615526515,
    -44398.66486821795,
    -51877.14893528233,
    -46954.75997383563,
    -50316.70667190884,
    -44533.43768936195,
    -49806.22119843778,
    -45440.71272929429,
    -49999.07260464464,
    -46136.76611323128,
    -44483.10696529411,
    -44947.43749866175,
    -48823.11966513358,
    -48850.35253451208,
    -48857.82564988157,
    -43835.36010914891,
    -42336.82859920157,
    -43223.87017342304,
    -44374.27202319283,
    -46991.076089976494,
    -46514.65487248248,
    -46888.903231496304,
    -49617.08996082004,
    -49882.00406577471,
    -42989.92007351644,
    -43675.547069732944,
    -43461.65821243809,
    -54782.38419554537,
    -50385.203833609085,
    -47313.870989907344,
    -48108.98119148884,
    -47677.80607321208,
    -47042.380565208456,
    -52589.817294103545,
    -46552.16928772389,
    -49888.985257054184,
    -50542.87168098891,
    -45729.10209083109,
    -44923.885349783945,
    -42815.30611042601,
    -46544.58484604847,
    -48030.09421064289,
    -48767.05875482591,
    -50413.512502810525,
    -44901.760286019955,
    -46864.273655732475,
    -46337.54115932888,
    -48698.46518529783,
    -42588.92911044809,
    -45855.05073615948,
    -53535.15586554909,
    -49693.46855808067,
    -45165.52882170071,
    -48139.55531437653,
    -46741.59915149193,
    -47217.5195859182,
    -49368.48431595894,
    -43257.3859105889,
    -53242.53705662779,
    -44776.94864062399,
    -48737.10955040773,
    -49707.041020920034,
    -47203.80934057666,
    -49288.4326073978,
    -49825.312275552475,
    -49419.00250016565,
    -46643.95432847416,
    -54938.76590418225,
    -49959.8156804852,
    -46806.89472225359,
    -44811.95423645693,
    -47870.08734499984,
    -47240.591853025966,
    -47640.77823596197,
    -48168.71791616211,
    -47225.989309068784,
    -43829.5183369612,
    -47595.375710853,
    -47912.43377808064,
    -44647.12507141408,
    -50828.516658344975,
    -47872.64447399021,
    -50400.76148105407,
    -49486.789515429424,
    -54014.38366162009,
    -44411.170797336184,
    -39934.65928670776,
    -51339.463212316405,
    -44174.3132695146,
    -42521.09277417255,
    -48758.950884492966,
    -50312.33757816024,
    -42576.64566356652,
    -49480.79916389467,
    -48391.568146979356,
    -41185.916909777196,
    -47960.46584191198,
    -46584.601333803905,
    -46660.49589098879,
    -54509.687075153015,
    -48556.19485217823,
    -45446.81338366507,
    -48017.38864845666,
    -45648.31459813908,
    -50669.1869691471,
    -49735.19871165982,
    -42616.73850290217,
    -46719.57611372266,
    -53042.4949100076,
    -49828.692085184855,
    -46504.77075187975,
    -48509.2422687327,
    -42863.66099372332,
    -49923.62683338206,
    -44976.28621664885,
    -49374.12431026832,
    -44307.15161933578,
    -47513.97608809937,
    -48175.28707099471,
    -48512.668678557166,
    -48454.54841814114,
    -45067.48418405866,
    -43565.162590447486,
    -44147.78765274742,
    -45464.161717445444,
    -47914.451218464405,
    -55696.57599947449,
    -46363.11595290283,
    -44121.529902117305,
    -48616.45432630914,
    -50195.72436834256,
    -42185.72820025141,
    -44054.55941683485,
    -53970.59182251299,
    -57177.58905423367,
    -48622.00715372324,
    -42650.026147377925,
    -48554.285585467136,
    -50087.14740410664,
    -44904.86450277254,
    -46658.196670502075,
    -47956.36213005032,
    -49921.14276991902,
    -46023.94739172474,
    -47613.19697171498,
    -48520.44537267658,
    -49008.134876320895,
    -47313.31465632993,
    -51477.941993210916,
    -48202.37656170704,
    -46561.29384697378,
    -48016.43019188577,
    -46859.16669201767,
    -48742.2825110876,
    -48621.69868657481,
    -45770.334455096534,
    -48694.78579279891,
    -50492.41134095519,
    -43227.30873899687,
    -45733.22795030197,
    -44003.16110961687,
    -49412.60594896178,
    -45384.02072120794,
    -53912.61116686203,
    -49882.567416350794,
    -51494.07981646134,
    -50762.20425357348,
    -52547.40903498031,
    -51102.52284350113,
    -44520.07010050834,
    -43161.058060926975,
    -50089.710069013534,
    -52442.13946246538,
    -48994.103391348945,
    -49944.06312163065,
    -42576.40296767518,
    -49395.7165532947,
    -50619.00485543804,
    -46511.53160731938,
    -40177.792958818296,
    -46069.89182075077,
    -44839.0563939919,
    -47867.56142349029,
    -46984.471946415564,
    -47736.87508610417,
    -52403.12091297946,
    -51101.93637501435,
    -47401.54688683277,
    -52539.9038704286,
    -46229.230971668374,
    -42648.989681501254,
    -53975.58185155627,
    -46182.184875690575,
    -50754.56629454918,
    -43825.18144708033,
    -49357.06131125788,
    -47261.308856285286,
    -50207.05895458888,
    -47100.086709331415,
    -50288.63045683296,
    -49706.12819659343,
    -43409.494413149674,
    -44597.302803414634,
    -52091.671199294455,
    -58881.05619841438,
    -42701.0930792783,
    -45080.4634862748,
    -43548.28151048137,
    -53966.6927989921,
    -53008.032471833016,
    -45602.25780910535,
    -48931.588625128825,
    -49407.44572239642,
    -48279.909474965425,
    -50804.084453316966,
    -40742.05186063635,
    -47002.93630040842,
    -47636.270618704984,
    -41228.055850245655,
    -45278.85764225706,
    -45562.91942598361,
    -48964.78237747974,
    -46906.352598230835,
    -57596.50518854221,
