{
  "actor_lr": 0.01,
  "critic_lr": 0.01,
  "stopping_episode": 233,
  "total_episodes": 334,
  "all_rewards": [
    -42853.44330860274,
    -49453.606358428835,
    -37108.1781504332,
    -48342.50889080767,
    -38817.00110680614,
    -45333.389022993906,
    -40299.07107033047,
    -38900.363697395966,
    -38890.45123076342,
    -36881.281223830985,
    -46205.374580497235,
    -38576.72955792205,
    -39082.63099077332,
    -36977.16729038376,
    -43136.78699755798,
    -38577.465937177265,
    -45405.79558120747,
    -45054.16209673713,
    -44189.54648002677,
    -41489.49701226014,
    -37047.410836149604,
    -36550.514266267084,
    -36923.44652706361,
    -46345.12599880711,
    -47018.21256382287,
    -39870.958390271044,
    -40608.925356296066,
    -37515.357205429216,
    -40244.780273429176,
    -36872.91658835161,
    -41333.40985251432,
    -41897.96053511688,
    -38088.25930924343,
    -37244.26489209797,
    -37750.23448491395,
    -46890.739332719655,
    -34555.099614788356,
    -38754.95596875777,
    -38493.02797473705,
    -40746.425262218065,
    -41128.93040792331,
    -40140.80469661144,
    -36229.99369853149,
    -41268.06308468432,
    -42530.6445418719,
    -35467.334245657024,
    -35985.04113404823,
    -42630.99606759897,
    -43616.4905124274,
    -36699.98168283919,
    -41350.64526252557,
    -37583.53236050663,
    -43455.94843630353,
    -39477.84570145693,
    -36744.99700530741,
    -37516.94350716998,
    -40375.77260964814,
    -38402.12086193747,
    -40966.11754287763,
    -41045.54684344966,
    -36298.57994006636,
    -41098.42451526628,
    -41485.85623386269,
    -40251.919189338674,
    -39840.76533553111,
    -36548.32681704116,
    -40938.036870092335,
    -39435.67471045103,
    -40014.65129615803,
    -42543.62165207209,
    -37623.350049584,
    -39054.27330420338,
    -43195.40352658691,
    -40636.149517922684,
    -39020.25855648133,
    -41333.6277205804,
    -38503.877526154414,
    -43728.639905901444,
    -44994.426812504156,
    -45955.24707750573,
    -40934.04976887401,
    -43906.30987152065,
    -43313.445770308615,
    -45269.63217960636,
    -42365.26043593386,
    -41407.92991056033,
    -38769.120320679765,
    -42412.24437366501,
    -35866.36519243666,
    -42453.46362909733,
    -37323.19110469091,
    -47539.054115762236,
    -40948.12297758256,
    -39574.295964025194,
    -39364.744273412674,
    -39209.25027761073,
    -41750.55128646795,
    -37905.013851833544,
    -40925.29469523889,
    -39060.64492158284,
    -41605.73675595873,
    -35396.34154566965,
    -37662.87773274035,
    -38080.719266474305,
    -37319.2415528493,
    -39651.73927564453,
    -41162.03709689694,
    -36843.50496434193,
    -38742.30710264681,
    -39491.802071976665,
    -36046.835277841456,
    -41560.713485409324,
    -42937.60471577445,
    -42834.56542295634,
    -41973.276646380174,
    -40004.023418749115,
    -39398.92875140231,
    -37414.72268363903,
    -40880.44029843462,
    -41098.57869349467,
    -39760.84515287362,
    -36838.54194473804,
    -37055.60014406719,
    -36895.85614457173,
    -39440.32693869057,
    -38214.30952391657,
    -40986.134957446375,
    -36255.67417899986,
    -40660.440799536445,
    -40371.440167385175,
    -40675.52101653058,
    -40153.5317621685,
    -37994.602066164436,
    -38426.443688236315,
    -34877.69646385254,
    -40342.07684275567,
    -44297.87582716602,
    -41476.43647362742,
    -44222.318629530295,
    -39384.481034377386,
    -40318.05329855124,
    -40722.25386208836,
    -30413.239777596344,
    -42575.965785788394,
    -41746.257530390845,
    -46005.732197218385,
    -36544.07425905683,
    -39046.664609851105,
    -43033.24086441779,
    -38989.460859761086,
    -43331.36711353458,
    -40895.00779305665,
    -40435.659586839494,
    -38290.44659714517,
    -44898.507759462016,
    -42074.1725504662,
    -36876.25201030775,
    -39883.14833182502,
    -41685.81063437117,
    -39632.006020919966,
    -40572.34621862884,
    -40212.73544442181,
    -39918.40877230691,
    -41506.92807266251,
    -39139.745989029325,
    -37199.381420980695,
    -38381.97570411186,
    -36326.50894659778,
    -43763.33226958132,
    -35988.85415968164,
    -36055.05887945809,
    -40455.12765010774,
    -38303.83410845448,
    -42250.62553510027,
    -41604.0914149996,
    -43085.66164708618,
    -41044.17968869568,
    -42542.978635537205,
    -33814.14822271772,
    -39063.748024871755,
    -42578.06968732028,
    -39299.45585503151,
    -40209.83596501888,
    -39797.3952261183,
    -41217.47951780942,
    -36955.83375575768,
    -40587.91452765432,
    -47461.54743657055,
    -38177.9680799769,
    -40176.929469984345,
    -43683.88492559981,
    -42249.24213833204,
    -35758.41979758562,
    -39279.4053633633,
    -40331.39648300456,
    -37255.210251342534,
    -44824.27899035359,
    -44376.22556112852,
    -39649.84884629695,
    -43160.11350887158,
    -40516.42313644783,
    -39743.82631956562,
    -41153.7592305381,
    -41440.57081869099,
    -42319.19157194915,
    -41246.316706402125,
    -37375.954361017284,
    -34488.17378546633,
    -46124.580994139826,
    -37295.015909075424,
    -36055.43169897334,
    -43929.04011085127,
    -40240.057732038855,
    -41828.00540057436,
    -36660.15297609468,
    -40110.12579561911,
    -41978.55401170881,
    -40500.09641636515,
    -40984.77864841812,
    -41604.057733236914,
    -41997.93395413607,
    -40640.30499193274,
    -40172.58556342614,
    -39627.56867998305,
    -40276.16253938369,
    -39463.820677248164,
    -41788.01415509505,
    -38268.649438743065,
    -45393.45525372959,
    -37198.26762674278,
    -40745.646792429645,
    -37603.34981792716,
    -36006.79014330648,
    -38461.4457585918,
    -44247.07350746865,
    -43048.523147756074,
    -38784.41325062855,
    -46714.1283206617,
    -39101.15393501347,
    -41935.53234211275,
    -37728.98673139604,
    -44351.75782652019,
    -40582.586302767086,
    -40134.02422916454,
    -38014.68528570363,
    -40616.223559648955,
    -34043.7435005974,
    -43872.48892610817,
    -40016.796905998606,
    -41540.36814296125,
    -37210.30601813323,
    -40595.06208717516,
    -38288.27156518168,
    -30775.438276361925,
    -50877.26827646246,
    -37021.0143190642,
    -40009.42258770882,
    -38441.27707848955,
    -35297.22692668748,
    -36932.5907785756,
    -43803.60114155571,
    -40121.98905715682,
    -36094.59351990161,
    -40080.59145566415,
    -45701.88466062276,
    -41285.58905193885,
    -34244.76278152273,
    -41527.62062876611,
    -42147.82656600184,
    -40491.145584821934,
    -36766.048347123826,
    -41064.94130831271,
    -38070.62275378034,
    -38149.67511655085,
    -45016.90796463823,
    -42066.75571940701,
    -40963.91631728274,
    -39407.86774377992,
    -41569.910395639236,
    -43351.704004036554,
    -39464.90249855649,
    -40691.99999179722,
    -40402.43693079892,
    -38655.13855146106,
    -40402.243924047405,
    -34859.86263591061,
    -37458.27058609629,
    -37010.11040535334,
    -43062.204291142836,
    -37373.222671124095,
    -41676.7770858219,
    -37489.08479679537,
    -36094.29437314771,
    -40401.1941426545,
    -42250.275410534974,
    -37337.0586480587,
    -32418.336469831418,
    -38809.254237256224,
    -44979.72675509003,
    -39192.10504068537,
    -41083.113720536174,
    -39513.33222068358,
    -40939.79179066585,
    -38957.838080478876,
    -41419.501719959524,
    -39679.84577350945,
    -32667.77666686238,
    -44955.012773775525,
    -48236.0750423535,
    -39106.97205898662,
    -42410.51382676201,
    -36866.171011541905,
    -37971.06622034771,
    -42616.00234073725,
    -40877.07198375494,
    -36977.18722331634,
    -41979.86174460141,
    -34503.80909683432,
    -38792.027911616926,
    -44341.478941658395,
    -40252.71456459207,
    -38897.09077392843,
    -42996.84681521376,
    -41974.09760915309,
    -45629.29430923944,
