{
  "actor_lr": 0.01,
  "critic_lr": 0.1,
  "max_grad_norm": 1.0,
  "stopping_episode": 247,
  "total_episodes": 348,
  "all_rewards": [
    -48239.34663494992,
    -44315.06747151645,
    -54743.88210407214,
    -46731.07986858203,
    -62756.17454400567,
    -55296.02663868361,
    -52749.11364358165,
    -44815.90751918064,
    -53966.87863203528,
    -41334.354601610925,
    -44247.72600271848,
    -46152.19242386587,
    -58116.71863271991,
    -53426.67106747739,
    -49527.457348707874,
    -46251.295973598055,
    -52041.74289483766,
    -48962.287328080754,
    -41222.02750568483,
    -47505.25173091555,
    -46578.942346635406,
    -55110.92206003027,
    -46843.79608908416,
    -40183.02910568573,
    -47395.041311332236,
    -41534.6622404364,
    -67774.75850548847,
    -46608.47196619927,
    -50274.53828045192,
    -49897.22975713484,
    -45719.55460026264,
    -48095.82081407606,
    -57371.782764784235,
    -49132.79263445374,
    -47127.878891630666,
    -51667.28027049856,
    -50639.70135106715,
    -63169.862686200846,
    -43716.31811396588,
    -45301.29490537885,
    -50094.7472765857,
    -59577.78862136563,
    -51723.825041014294,
    -48907.29613053916,
    -53131.06276946706,
    -52981.2661469235,
    -49080.22810352141,
    -46679.6828807678,
    -49846.25652938061,
    -64620.099116968086,
    -48784.663707307845,
    -55671.79420123464,
    -46737.78628826648,
    -43982.48814506422,
    -46910.98139273149,
    -52920.57318419505,
    -45671.24695702701,
    -56409.512135662466,
    -58356.1248400837,
    -44272.49768280778,
    -59748.637340055444,
    -44222.514786106796,
    -48695.05891336895,
    -54973.033774622396,
    -48458.096831914496,
    -44090.95668403692,
    -48399.86317834607,
    -50956.554955083026,
    -43302.66285178216,
    -44536.40420715091,
    -51611.00946269656,
    -52363.83326601091,
    -55934.40238620463,
    -64714.8788943367,
    -51835.4796899225,
    -47980.35468220114,
    -53224.06497196746,
    -45190.49119860778,
    -59424.29134099597,
    -47163.22119913965,
    -44623.289985428484,
    -58719.35280583299,
    -48665.573036342146,
    -45422.77738705812,
    -65256.80677964024,
    -57234.498477476605,
    -41126.49206958574,
    -59428.1169874732,
    -47271.225835392994,
    -45936.21515485157,
    -60046.614281729955,
    -42231.68661351365,
    -44063.72954181829,
    -45648.122902317074,
    -49136.854173092186,
    -48426.67634699916,
    -53974.82362877205,
    -47665.6583067941,
    -41485.90960343329,
    -48860.21936685234,
    -59050.8659306635,
    -46050.188236220725,
    -44843.40252836814,
    -49155.550786572436,
    -47457.24814503529,
    -44232.11064033705,
    -48692.860266790776,
    -57791.068945531704,
    -45758.968614805824,
    -52828.52019040551,
    -55616.45929157506,
    -51889.242535090045,
    -47677.801465480414,
    -54530.519456342336,
    -45396.376883170815,
    -47913.099807303624,
    -65465.597433756135,
    -51371.868966040136,
    -50489.89535631208,
    -51236.010223978425,
    -58623.25071771968,
    -44493.241028207645,
    -45010.0028087918,
    -55015.03618882571,
    -48343.713111518955,
    -39266.94493427446,
    -51231.57821605173,
    -42117.016479316306,
    -57035.62771814488,
    -48099.56551726639,
    -48717.25273137592,
    -44966.80011119535,
    -57430.74532664372,
    -52024.830354842794,
    -48232.858962491126,
    -54005.96547473795,
    -49755.71960122561,
    -44348.755690308164,
    -62342.50295268504,
    -54401.680205094184,
    -50222.491360251464,
    -47950.29018105677,
    -45145.64634423729,
    -63772.92186740198,
    -51844.04042074504,
    -52950.92384154703,
    -55545.20039744991,
    -49264.60566741957,
    -57240.0674907683,
    -42796.66313081559,
    -52353.108617090475,
    -53127.346606475854,
    -55473.72292406525,
    -55788.04313626737,
    -48445.5192186715,
    -52209.14508468202,
    -46334.71395632337,
    -50111.33542232128,
    -49692.98096842388,
    -49523.16118291054,
    -55758.78311622426,
    -41720.101649906064,
    -49066.14170729562,
    -50465.49876769392,
    -55962.766264621605,
    -46711.26492187554,
    -48723.85688071896,
    -48804.56167554736,
    -53220.22227160185,
    -54396.28898211805,
    -53926.603972816716,
    -50663.84578186046,
    -48200.25702507026,
    -48056.06332150902,
    -40233.77085621511,
    -57705.462290812655,
    -47535.3460336181,
    -42577.75671632594,
    -43342.4370211672,
    -52631.23794266676,
    -48347.34756382761,
    -44729.91828272139,
    -54030.37399371903,
    -40769.11791259015,
    -38063.488788529365,
    -57082.4372141458,
    -60113.85359049622,
    -49348.808444538234,
    -51731.70171622606,
    -44085.04788669858,
    -43120.99312556298,
    -61741.59163939828,
    -72195.4631612697,
    -45026.22198333647,
    -60164.704204653965,
    -52676.085615529606,
    -54407.429092740786,
    -67864.99635076881,
    -43259.62313563092,
    -45472.077466634844,
    -50393.29953754572,
    -57334.306127352065,
    -46130.826427188265,
    -50708.24411525862,
    -55239.54824906084,
    -47428.41155538148,
    -45149.55096986479,
    -52992.57490695143,
    -44795.08982100747,
    -46835.46577182025,
    -45579.0763460423,
    -40209.88390369816,
    -49274.94113811196,
    -51533.89915439557,
    -67952.47720639304,
    -56341.50478916411,
    -47254.43357041377,
    -52377.64852317822,
    -53566.65360590708,
    -49665.494094181886,
    -57464.72293761624,
    -49619.14017477671,
    -53206.81888638409,
    -59251.35842040856,
    -47280.74400254682,
    -52909.106672867856,
    -51466.98260023835,
    -44693.32502261842,
    -49339.79058004872,
    -57336.05961427782,
    -43885.58534122063,
    -58613.87530810042,
    -54899.143235223964,
    -58077.072100401165,
    -51791.55324001901,
    -46975.70204551918,
    -50910.91102125273,
    -69868.90646867994,
    -53939.55459669637,
    -46411.41634481169,
    -47595.67681698734,
    -44461.48696116665,
    -40081.12578199348,
    -52826.29555906844,
    -47111.10866226563,
    -54086.30500557214,
    -43830.89169789152,
    -51189.1636622464,
    -56103.878166844515,
    -65152.13005048425,
    -56711.01089393845,
    -55876.086370646735,
    -51387.63439352354,
    -50395.00059990165,
    -51304.733040198946,
    -43742.36930994258,
    -51131.757450712335,
    -60370.60168641664,
    -50830.37877703269,
    -59132.469542300445,
    -49206.46809066319,
    -44742.32830061502,
    -45680.056772154596,
    -59408.020170316384,
    -45140.6170483407,
    -51736.040326881346,
    -38948.427366812524,
    -40957.03093148631,
    -50844.2047971605,
    -47752.29823720265,
    -52870.97086946499,
    -57780.968183313664,
    -50201.62193127787,
    -57982.595268569276,
    -71879.39404491887,
    -49284.4415472365,
    -47854.47993649522,
    -51430.73831735085,
    -48433.13996875117,
    -46214.68660708437,
    -46950.835854358666,
    -55691.61212912671,
    -49493.714926046545,
    -57155.638239216634,
    -60893.752029625975,
    -45641.1804203326,
    -44534.45850274314,
    -65425.546422004496,
    -56493.15376157367,
    -57216.22664127161,
    -50677.37915872031,
    -45910.362649284,
    -51439.57785934426,
    -55033.21261893105,
    -61452.528417822046,
    -46911.048641544214,
    -60218.17325730562,
    -49217.61011592586,
    -58829.47227298793,
    -49198.59809617828,
    -52932.18384487917,
    -50041.161291871,
    -57965.67143138521,
    -52782.74776676002,
    -44977.769645927096,
    -59851.502868744865,
    -42778.541521969026,
    -63329.37427419631,
    -57296.01962179932,
    -44352.448420906454,
    -61556.10723409946,
    -48650.01128273359,
    -59056.76699237553,
    -46399.664103608964,
    -45719.78429893167,
    -53090.04319722918,
    -44590.744896016586,
    -54735.50404316801,
    -53376.504322272514,
    -67108.38297533928,
    -54028.4529214565,
    -51576.415576529966,
    -45238.60275122707,
    -52184.82940939889,
    -44451.1574943444,
