{
  "actor_lr": 0.01,
  "critic_lr": 0.0001,
  "max_grad_norm": 1.0,
  "stopping_episode": 253,
  "total_episodes": 354,
  "all_rewards": [
    -45682.53189072377,
    -49815.88288901554,
    -51381.17437409087,
    -59833.93876030913,
    -53981.33788765762,
    -54261.416629575964,
    -49718.63412344944,
    -45665.01299511857,
    -48103.547796854975,
    -53334.46669180517,
    -48202.86288904441,
    -49453.062514327954,
    -49230.79621653252,
    -53667.690481454745,
    -48522.14273336116,
    -50508.49727645791,
    -49366.33437385616,
    -54123.84362857595,
    -55784.499084590105,
    -51457.32943826975,
    -51588.986999581815,
    -47875.20898511738,
    -48211.212267984825,
    -48175.364435703465,
    -50399.121204690346,
    -54001.872190217735,
    -50472.98175241219,
    -50261.85233587119,
    -53392.35298609052,
    -47733.482863173325,
    -53349.80700569017,
    -51021.83490372135,
    -52874.34583592075,
    -48141.279868621394,
    -52405.79057061205,
    -53555.47235406285,
    -49088.770131926256,
    -50413.50480015156,
    -52807.617714190856,
    -58256.31333923475,
    -51841.750018963954,
    -52058.34793638819,
    -54186.18057293673,
    -50644.15897882972,
    -50331.66509139315,
    -55552.05272083013,
    -54399.19911940436,
    -53746.29307808976,
    -52311.213308287086,
    -60168.4255204768,
    -55630.60664498226,
    -51291.95040640783,
    -50825.39962257977,
    -56019.06492137234,
    -48003.65815439129,
    -51748.112652293436,
    -56309.93852398933,
    -55436.87783340381,
    -53073.644430573295,
    -53879.0307157199,
    -55400.97298622151,
    -55377.373164543926,
    -53332.80710693629,
    -60700.43397689282,
    -51134.00801716621,
    -50688.90900599296,
    -52941.29785872581,
    -62797.94261465002,
    -49941.55721221415,
    -56087.81930212928,
    -54132.31589941935,
    -55722.15998010937,
    -52594.75180532655,
    -54079.84634217582,
    -52458.205799280506,
    -60797.36123342275,
    -52885.729212588936,
    -52769.35871936269,
    -55696.822707962565,
    -56452.67189089073,
    -56608.078830350656,
    -57338.76080228278,
    -56140.212444710596,
    -48625.015614307194,
    -50918.70438994669,
    -57767.65710750868,
    -57186.93810103412,
    -54103.48223883074,
    -60487.38386107993,
    -59223.68981781672,
    -57030.89156999406,
    -55248.82607896481,
    -54881.32094005827,
    -45670.939795178754,
    -54076.58437159161,
    -57374.807277574655,
    -59539.341403542516,
    -57934.09509262407,
    -57302.26943271789,
    -52820.61723273705,
    -57571.75824876795,
    -56062.76712167136,
    -59314.77784723714,
    -57349.64001020072,
    -57290.616537595495,
    -51215.15857842683,
    -60777.292937123115,
    -57183.11345277633,
    -56770.84363573,
    -52665.7416409099,
    -53456.529657740175,
    -53050.629581492394,
    -58615.61123492481,
    -57345.02659487605,
    -54579.4060931702,
    -52438.394869319854,
    -56633.292107863344,
    -58571.79602640572,
    -57902.0051022757,
    -57120.46387370991,
    -57236.62406202627,
    -52671.9472592599,
    -57324.619675822556,
    -53485.07025880286,
    -52644.12371050705,
    -52312.677197776145,
    -53265.54632752666,
    -58948.938741822,
    -53808.58152943481,
    -59470.53608163289,
    -58086.15896117269,
    -55982.09769912447,
    -59350.046979619125,
    -54814.402663454384,
    -54809.55387057311,
    -54205.4950884922,
    -52834.396910973956,
    -60172.3124887969,
    -58015.447720836135,
    -55249.099645227514,
    -52273.707577816625,
    -53141.656792305235,
    -54802.81382947458,
    -53958.822234914616,
    -57174.94689770086,
    -53067.4763296021,
    -56798.440424904285,
    -63319.465560499244,
    -48008.93239921785,
    -52273.93189462037,
    -55620.986328852996,
    -52372.51014696574,
    -55943.993512364614,
    -54908.239661177315,
    -54003.55962283838,
    -59934.73277681545,
    -50180.24110265341,
    -55080.5761543473,
    -56762.46615572652,
    -53615.80719963309,
    -55012.0984519665,
    -56380.40218362863,
    -54162.858636402154,
    -59886.376705065275,
    -53118.89093457756,
    -55684.923572041575,
    -53177.4631425884,
    -52708.66853755361,
    -55190.37783186076,
    -57659.109764974215,
    -60819.784813122154,
    -55429.27765844358,
    -52723.693836082486,
    -54236.28798674471,
    -55036.194635547734,
    -55582.51346944526,
    -51201.54075394369,
    -59054.86027550595,
    -51207.19829682494,
    -55054.40908113371,
    -58345.396807154684,
    -51974.3618822871,
    -57229.67774607624,
    -61399.904821193355,
    -57420.73330209149,
    -57608.58350649197,
    -51557.67140585683,
    -56618.94339478995,
    -56265.969719352455,
    -52643.199596042934,
    -51883.925494342046,
    -61275.050792225884,
    -56830.172397677234,
    -58987.02852502437,
    -56285.53436858319,
    -61734.67416696265,
    -55755.87145476279,
    -47951.34363047791,
    -58325.796106528775,
    -57328.83550717261,
    -60004.58864579154,
    -57720.10820784456,
    -61964.95744192192,
    -55610.60378987784,
    -59564.82976054845,
    -54450.92199657601,
    -57017.01568208998,
    -54631.65342721221,
    -55884.25568951102,
    -56388.96907504595,
    -62607.7532536094,
    -60011.06837479615,
    -53146.057281753085,
    -62856.03633921204,
    -55954.47990665119,
    -51772.265545200135,
    -55682.01378073353,
    -59600.76273883623,
    -46478.56434497013,
    -54202.582350379496,
    -54959.57865583785,
    -60104.87013664993,
    -54770.160693505204,
    -60623.610636340236,
    -47222.32672309358,
    -54682.19458251958,
    -56894.61607840954,
    -57556.36679959231,
    -57532.3133454354,
    -53663.06802857472,
    -57134.085260952015,
    -58118.47588076914,
    -55948.35872461235,
    -59683.58784925429,
    -57212.781605883734,
    -52449.680061305335,
    -57494.774382856755,
    -52497.64790153125,
    -49022.35467958206,
    -52896.63643824977,
    -58693.618200500416,
    -50694.36581013432,
    -51292.53217455501,
    -50938.34585653327,
    -53889.79638048132,
    -54539.263812132136,
    -55400.00654425385,
    -55175.95744284859,
    -53688.472942247674,
    -60384.35803271456,
    -55358.37703530157,
    -57403.324850873236,
    -54968.15254759557,
    -53433.67413053075,
    -55654.481785204196,
    -56961.43337642963,
    -55402.30458858027,
    -53903.729203356685,
    -58070.95754430009,
    -52523.934781544056,
    -60390.951948874485,
    -60892.19902908241,
    -51926.46116419933,
    -62324.784705190126,
    -56430.800580824674,
    -61047.61753652411,
    -61507.16036244683,
    -55865.84054852281,
    -53190.21830253913,
    -54214.45029077974,
    -55866.78113150723,
    -57851.09001518188,
    -55099.326223663425,
    -58304.02089869838,
    -54936.389145286055,
    -52537.775316873,
    -53714.58862797439,
    -60656.58564955306,
    -56132.31981375895,
    -58265.768593496905,
    -55872.00694532309,
    -57666.40643382451,
    -56324.914432830104,
    -55551.23572690259,
    -58069.34178700188,
    -54281.70587439833,
    -54261.98140738056,
    -53710.46985413587,
    -50495.54474515871,
    -57870.371360453115,
    -58034.1901261879,
    -63681.82862497448,
    -54968.62511987127,
    -55324.072322138476,
    -57160.12678146045,
    -57180.931785754365,
    -54827.55345552536,
    -56721.21777835627,
    -60752.71606550194,
    -62699.63746647438,
    -62982.53367412904,
    -57662.01781045133,
    -57097.12974654995,
    -56395.00506796654,
    -53309.35852878996,
    -54426.59318826268,
    -54683.30067023021,
    -52014.646248275334,
    -51513.53851491409,
    -62220.9615719978,
    -56678.83651732609,
    -57711.16640898402,
    -49225.07315839639,
    -51849.88180447566,
    -54218.76654895693,
    -52647.97614990413,
    -55307.96178614747,
    -54215.35387488638,
    -60268.89587485463,
    -58351.51879010725,
    -56711.02585492951,
    -60324.886736068394,
    -52382.69555021897,
    -55681.5077918211,
