{
  "actor_lr": 0.1,
  "critic_lr": 0.1,
  "stopping_episode": 161,
  "total_episodes": 262,
  "all_rewards": [
    -46527.84822239614,
    -51624.53012913759,
    -42414.208167634635,
    -38497.44954827936,
    -40613.92567763929,
    -46529.39568673908,
    -46891.65863945619,
    -48893.49550797689,
    -43155.33188403261,
    -48636.211314580876,
    -41375.81273849934,
    -45461.232163876695,
    -40600.63138554996,
    -45970.709964905865,
    -48739.88868410837,
    -39063.17414316483,
    -46284.08809222984,
    -46204.440462776,
    -46672.264884720935,
    -42019.266507188906,
    -45899.068863108165,
    -41183.60055702194,
    -42910.603890260376,
    -49614.8045444554,
    -39500.344420017194,
    -40822.890705412785,
    -39294.544152768016,
    -42790.991354702775,
    -41336.60980655272,
    -43699.198455656966,
    -45578.69865642452,
    -50294.99290701997,
    -42417.075391089085,
    -47553.97863317609,
    -48021.30030102942,
    -47011.91371317736,
    -51993.69953058244,
    -44015.85010472378,
    -50722.9378287006,
    -40576.53777064069,
    -44698.51475647673,
    -43297.38028431291,
    -37480.91642746542,
    -43053.07906134253,
    -49830.858194726905,
    -42133.98620639811,
    -40746.69734851379,
    -43408.58987274373,
    -41308.59228175812,
    -47224.484102915856,
    -43947.4506448279,
    -38002.97040865372,
    -46366.603448096306,
    -45970.65522186458,
    -40645.78462637785,
    -47738.025345065354,
    -46330.81284244742,
    -43424.69677520718,
    -49043.121623689614,
    -42839.11087133212,
    -43985.28698123406,
    -44955.37716730667,
    -41381.987923505076,
    -48512.164153368205,
    -49412.75970646686,
    -46398.46539964403,
    -50900.499121654924,
    -44111.844914459645,
    -44263.407115039634,
    -44181.47171362156,
    -48581.27474373286,
    -47345.9838659225,
    -42781.67166836795,
    -46313.66174514261,
    -47331.788097888784,
    -47120.21125426375,
    -49913.907415060574,
    -39266.162785719374,
    -44673.29838883988,
    -44263.5151201889,
    -45320.272423993665,
    -48018.7278226256,
    -46483.72463678869,
    -40196.348836155536,
    -40824.143619141294,
    -44728.3656547913,
    -46341.12773549624,
    -44131.04647013978,
    -45721.4163665278,
    -44886.07869005716,
    -45878.11131255894,
    -51855.05817994006,
    -46228.22588860348,
    -45447.676370477566,
    -44118.304000735036,
    -42194.69505599222,
    -43081.43753553093,
    -43719.73703320428,
    -46080.57510334181,
    -43549.86037830922,
    -45039.70589114068,
    -45073.13521595006,
    -42517.98970737313,
    -44404.109437863284,
    -45742.69566838624,
    -44232.43107470931,
    -48205.039398314955,
    -51534.52152954539,
    -43247.49490334867,
    -41510.32395077322,
    -39858.673306133656,
    -48201.35930360712,
    -41459.56857944883,
    -38127.31451960051,
    -44651.44249796818,
    -41156.18216152566,
    -45847.061334423815,
    -41438.31347851243,
    -45248.57867225094,
    -47681.88545980196,
    -48141.932808330705,
    -45058.70074433582,
    -44318.547578324244,
    -45578.12769470842,
    -40629.23384289574,
    -46219.057769371866,
    -47520.43755574971,
    -42885.68384130005,
    -47029.56329122477,
    -46908.768655278844,
    -43468.67333082265,
    -42681.95077556938,
    -39698.75724427653,
    -40275.851877676905,
    -39620.40552353409,
    -43437.88408524231,
    -48696.09591341351,
    -47723.71908830079,
    -39396.48281562299,
    -46632.88954244842,
    -47481.51701231952,
    -42762.083328324225,
    -43285.51273731327,
    -43239.38225982877,
    -48152.0273715775,
    -45482.68703674681,
    -47215.17384146679,
    -34401.80024302904,
    -43285.762902654234,
    -48889.99630332522,
    -42336.91941925659,
    -40881.54375500458,
    -48091.88725207372,
    -43157.48327639626,
    -42544.4745277133,
    -41142.31978548256,
    -46239.72247399267,
    -35749.67868219154,
    -42061.11861064912,
    -41377.96767637724,
    -41829.10094676272,
    -37971.274422183866,
    -45084.25362333246,
    -43527.500847321346,
    -45639.127802498915,
    -43103.352644660066,
    -47543.34823649478,
    -45288.11560885672,
    -44892.35256024519,
    -45477.73889343251,
    -44587.660939451926,
    -51093.10076906114,
    -45097.61108584347,
    -41803.957433718475,
    -43224.67636897661,
    -45452.87339026827,
    -42049.97926956198,
    -44404.7237674854,
    -43029.546367327945,
    -45437.07436539377,
    -40005.29571023121,
    -44136.72414043781,
    -44029.785494749034,
    -44007.774613238995,
    -43009.946059172704,
    -44673.94504349994,
    -44556.5331302032,
    -44093.437800940126,
    -47519.19203494876,
    -40089.101611055405,
    -46101.462214746934,
    -45702.78562887669,
    -42520.82743911405,
    -47740.83548423452,
    -46847.92737960527,
    -44173.749868002866,
    -44673.32822771176,
    -48527.64947841395,
    -40366.80737563018,
    -50394.92170567828,
    -50225.0713651026,
    -44831.565657532155,
    -49036.228582266755,
    -43467.033883831515,
    -40945.541630838125,
    -40853.55782514422,
    -51264.61726094503,
    -47134.78591808118,
    -47060.83802856103,
    -37283.752046412315,
    -36729.862892656354,
    -48449.40628450514,
    -36840.77673388956,
    -38477.37125731584,
    -46439.89502589245,
    -47368.835018261365,
    -39947.526317648684,
    -43248.84067930004,
    -45174.12697549314,
    -41476.1102781636,
    -44877.77940770969,
    -47907.660103316564,
    -43161.423217625204,
    -38136.001905631914,
    -49795.33339981905,
    -38866.47872590681,
    -43889.280928292654,
    -46385.416289226414,
    -42968.872575730165,
    -40595.84403047764,
    -39862.896632012584,
    -40516.68679632781,
    -40593.241879953326,
    -41838.83590834593,
    -44090.81370073364,
    -41217.70372148658,
    -41671.12845658118,
    -42336.97187530194,
    -42954.42542459771,
    -44538.7692430688,
    -44533.28152000999,
    -39462.23365143383,
    -44538.069932603605,
    -42409.63570454305,
    -39410.22614376837,
    -51208.52740285676,
    -45097.294496414135,
    -40486.32030871787,
    -42189.30907997141,
    -44346.99952582507,
    -48332.18434726919,
    -43451.417273522864,
    -44218.552254314025,
    -42486.1198057434,
    -42776.334339876266,
    -39850.57484682092,
    -37891.16644535443,
    -43996.6992933358,
    -43391.22322675151,
    -49337.10628420194,
    -41440.619064987244,
    -46040.354461620234
  ],
  "final_reward": -46040.354461620234,
  "per_actor_stopped": [
    161,
    161,
    161,
    161,
    161,
    161,
    161,
    161,
    161,
    161,
    161,
    161,
    161,
    161,
    161,
    161,
    161,
    161,
    161,
    161,
    161,
    161,
    161,
    161,
    161,
    161,
    161,
    161,
    161,
    161,
    161,
    161,
    161,
    161,
    161,
    161,
    161,
    161,
    161,
    161,
    161,
    161,
    161,
    161,
    161,
    161,
    161,
    161,
    161,
    161
  ]
}