{
  "actor_lr": 0.1,
  "critic_lr": 0.1,
  "stopping_episode": 161,
  "total_episodes": 262,
  "all_rewards": [
    -44168.18730318696,
    -35692.923316303044,
    -51122.75557805845,
    -50965.656361169036,
    -63255.5258333274,
    -55721.709831453496,
    -50633.20934199611,
    -48013.93226730362,
    -46672.353394720434,
    -54330.45712061083,
    -47923.7172267699,
    -52245.38878730362,
    -52718.36269450518,
    -48103.66504811407,
    -45498.66763822592,
    -52897.08892036965,
    -53225.72085500591,
    -48186.619191551195,
    -54057.8280834835,
    -49963.87887751905,
    -47276.98590103315,
    -48558.82365456041,
    -51471.09323748581,
    -50233.544178761855,
    -49369.27678384032,
    -47442.73936990733,
    -47432.221957697795,
    -52572.30518085665,
    -53974.46181678469,
    -49245.54103136786,
    -52861.21261093181,
    -51742.038983310675,
    -53590.52171475516,
    -51311.2192771719,
    -52748.390982343684,
    -45009.90401584974,
    -48919.117866500266,
    -51768.270856693096,
    -49888.857343155134,
    -48441.397404338364,
    -49893.29632435314,
    -50939.118536645285,
    -41931.62603829868,
    -50995.73262946092,
    -51076.9627871513,
    -50661.80272618105,
    -50786.80066452126,
    -51916.97505232373,
    -46156.03139647626,
    -57767.520834413815,
    -50514.14946512174,
    -53944.18334599575,
    -46074.73268330527,
    -46275.620263069,
    -49679.598135128566,
    -52616.648271654216,
    -49615.23322993158,
    -48384.302024878445,
    -56881.010206461906,
    -51472.962534500075,
    -55925.14275039273,
    -50548.40811504357,
    -52208.4795158325,
    -51499.56069839731,
    -49085.734710730525,
    -43594.50198463377,
    -47190.745764272455,
    -50732.133039891334,
    -48780.493775565585,
    -48187.720561208436,
    -50086.615608175205,
    -46904.67318592528,
    -45675.73319618613,
    -59567.21791225492,
    -51053.2691013518,
    -50027.73041868581,
    -47188.97587916179,
    -52097.227739252885,
    -51522.36807843724,
    -50521.50006294475,
    -48178.08421248197,
    -48401.86959884717,
    -51469.70245886404,
    -58066.23834118238,
    -52967.073053363725,
    -55802.580609113684,
    -54220.98793207033,
    -46060.87520381254,
    -50876.786584632064,
    -44360.96352020596,
    -49585.13195391503,
    -47496.12300835363,
    -49309.818636193835,
    -52544.17159604366,
    -48186.47814370446,
    -52601.73861965388,
    -57818.647362228694,
    -53270.2652875781,
    -51199.252465657744,
    -48088.8229265292,
    -47246.66905637925,
    -56994.658008256534,
    -44674.693207676384,
    -52794.63281622507,
    -53387.54305079706,
    -56661.60919223052,
    -49662.89088005727,
    -52085.530665308055,
    -48864.95715781446,
    -50230.17974471441,
    -51297.76613019477,
    -51778.7958138378,
    -48255.557104339605,
    -54273.40749052252,
    -49974.19937610927,
    -54125.36145579633,
    -52869.10483459557,
    -48633.09802475601,
    -49231.4630939056,
    -57192.07279530695,
    -50317.485482050455,
    -48805.25501380302,
    -50685.3189587452,
    -50869.754260006324,
    -50400.03509885632,
    -47412.56513812942,
    -55433.96055473283,
    -55698.08604012193,
    -54547.15561385928,
    -47657.17689542918,
    -56001.651852251634,
    -53445.27091247059,
    -45212.03011957437,
    -51676.12164407149,
    -50517.00173546248,
    -53085.40053935965,
    -50529.87956346726,
    -48878.07826161428,
    -49107.418216463804,
    -51094.39062749276,
    -47864.42177918988,
    -49447.90953896412,
    -48697.98839830036,
    -49474.51695252896,
    -47399.49044808607,
    -52753.39073355187,
    -50473.44658248479,
    -52831.293454929386,
    -48864.78535717319,
    -53094.08512690011,
    -52248.79963747224,
    -45110.62777845799,
    -52699.76966714841,
    -47298.35081419707,
    -55931.162004255515,
    -48969.91035834387,
    -48638.51021324925,
    -50627.52890521282,
    -55300.3010528328,
    -49309.54919033764,
    -51538.10121453692,
    -50336.677988919684,
    -50945.04257159399,
    -48454.110070848634,
    -51958.99421767631,
    -54558.39236090096,
    -56020.304195931356,
    -52028.05072046927,
    -50656.644214671476,
    -52463.088442889566,
    -58444.813208801854,
    -47571.36310767155,
    -49788.008203695834,
    -53072.080030106634,
    -48740.280491434074,
    -49848.77602834188,
    -45674.24802463579,
    -52359.587592502154,
    -51862.59481546069,
    -48202.648665679844,
    -48382.137651964505,
    -52882.235157339375,
    -50000.12088259411,
    -51365.087840363274,
    -50268.17724627124,
    -52317.64972959718,
    -52323.306533103816,
    -46391.14440541067,
    -50496.59585432645,
    -47333.95496544699,
    -51226.55519201846,
    -51224.917143128434,
    -50538.1087460821,
    -56814.516082712886,
    -53705.86978751844,
    -48191.6554218321,
    -51418.30890567215,
    -49582.72326735457,
    -50745.93781187922,
    -51256.37527129252,
    -45478.080096981066,
    -50397.36896785586,
    -48526.196347398894,
    -42888.792084765606,
    -53823.03830754328,
    -48012.63879086484,
    -56183.57417659099,
    -51604.59527488698,
    -42912.814617054195,
    -54223.246884425804,
    -54310.778548626084,
    -51832.30145644685,
    -46527.039280925695,
    -55708.695856865656,
    -54639.76648533353,
    -55049.167258514826,
    -45815.71361912313,
    -56959.45331848756,
    -44328.445837745225,
    -46889.90069948188,
    -57292.82606479536,
    -51583.73793681498,
    -48243.116169690074,
    -51442.79899947473,
    -54005.97827477111,
    -53145.639799712066,
    -52344.58670148047,
    -51696.14525083548,
    -51955.07972793925,
    -50357.24804118753,
    -54270.667669193586,
    -49374.176275148886,
    -53082.43477159579,
    -46699.15472064524,
    -48903.08922122576,
    -48013.48822040922,
    -49161.13454820622,
    -46525.30772585728,
    -45657.13160345818,
    -51188.63992885117,
    -51960.62997629581,
    -46437.39748017404,
    -48622.12257732075,
    -52080.73327126061,
    -53393.6039921257,
    -51881.55383615608,
    -47639.04639408875,
    -54028.17776243964,
    -44693.394000443135,
    -47978.65145890578,
    -51373.66686910208,
    -55127.62157241509,
    -49698.27028111784,
    -52258.54234962635,
    -52585.357508654575,
    -52035.24233904053,
    -49655.680059045255,
    -55596.35640594505,
    -47017.81055097192,
    -49548.53526525166,
    -52179.239001329086,
    -52466.35901091229
  ],
  "final_reward": -52466.35901091229,
  "per_actor_stopped": [
    161,
    161,
    161,
    161,
    161,
    161,
    161,
    161,
    161,
    161,
    161,
    161,
    161,
    161,
    161,
    161,
    161,
    161,
    161,
    161,
    161,
    161,
    161,
    161,
    161,
    161,
    161,
    161,
    161,
    161,
    161,
    161,
    161,
    161,
    161,
    161,
    161,
    161,
    161,
    161,
    161,
    161,
    161,
    161,
    161,
    161,
    161,
    161,
    161,
    161
  ]
}