{
  "actor_lr": 0.1,
  "critic_lr": 0.0001,
  "stopping_episode": 238,
  "total_episodes": 339,
  "all_rewards": [
    -58402.093880292785,
    -53498.46038121247,
    -45561.953897478656,
    -55299.018437215746,
    -52845.78595321716,
    -49556.28330456643,
    -46238.87849000984,
    -42800.11155760745,
    -47632.73710382875,
    -51066.00237532327,
    -56193.51121376872,
    -53955.33131899205,
    -55731.530542668996,
    -56454.96388988827,
    -49110.46469147561,
    -52050.658211706075,
    -51559.32852196106,
    -51583.39895687589,
    -48551.21601361411,
    -50947.27336547892,
    -50511.76847995977,
    -56332.24433819258,
    -49441.29478570425,
    -48262.26372356304,
    -50801.526464278766,
    -49412.443583053566,
    -56300.21035254369,
    -51979.75231449696,
    -40380.9635726206,
    -52835.88810481637,
    -48644.3069034392,
    -61193.67928255241,
    -45944.905916109594,
    -56283.089359418926,
    -53806.43393119851,
    -48624.92432366353,
    -52206.00457808289,
    -52348.13444343267,
    -52017.273829518876,
    -49688.7955007852,
    -56965.781500665355,
    -53050.8114752146,
    -51379.11408470079,
    -47948.78913579279,
    -53059.919547792844,
    -49470.166967743215,
    -50397.79810695408,
    -53316.06346657434,
    -49260.10022712143,
    -55205.225466752505,
    -58284.56462032825,
    -59650.97481107127,
    -50661.903682137636,
    -45296.608106601845,
    -49452.41399983982,
    -53710.98714538277,
    -53066.48756620975,
    -54195.410000083284,
    -50255.356073099094,
    -47837.393588397266,
    -55163.6558623928,
    -59123.76626711517,
    -51369.68938539383,
    -55915.57577014524,
    -51446.04991129894,
    -51826.5166900596,
    -49740.62784917883,
    -48171.62499542424,
    -47709.010382721055,
    -52388.47985379012,
    -49422.138407427956,
    -53319.48454854155,
    -45945.05107484348,
    -50228.821044063894,
    -56446.79046985861,
    -56577.21830189136,
    -52980.994322761966,
    -47729.7449000004,
    -52548.76478329046,
    -47546.160157476836,
    -44596.82484719984,
    -54603.84798263986,
    -54634.756922904766,
    -52790.736301819554,
    -47122.90363183783,
    -51501.11868728006,
    -48956.65755298302,
    -49616.70808627995,
    -51477.35760057285,
    -55123.60029313693,
    -46713.08674284918,
    -48591.521434973154,
    -55901.54099832371,
    -56146.769490254184,
    -50945.505294766976,
    -49298.898767153776,
    -49668.51621395229,
    -53778.417493247565,
    -55423.754735290524,
    -55311.07619763707,
    -50764.983664353946,
    -53635.20911141597,
    -51581.28089409027,
    -48427.68995614756,
    -51639.96941748512,
    -58793.61128040078,
    -45234.29472864068,
    -48635.209854383254,
    -53468.50843249297,
    -49375.476191716996,
    -46990.73273797813,
    -52839.208568758775,
    -56247.354081530895,
    -47507.1847986296,
    -51381.98775543403,
    -46288.25795915966,
    -56638.55172320712,
    -48454.49936557175,
    -45001.32038858457,
    -50006.993607811826,
    -51555.75885316483,
    -55210.491606568045,
    -44229.37001851226,
    -48049.54669282458,
    -45614.59177022096,
    -53152.02155123404,
    -60055.04347022628,
    -43941.87702154676,
    -53322.70079164274,
    -51839.994564281245,
    -50285.760743112616,
    -50660.73523485714,
    -49247.611650200924,
    -56982.82665831238,
    -54054.44885587039,
    -46824.47753347731,
    -45107.47809858674,
    -50344.367701439296,
    -47944.04896873848,
    -52049.10053030208,
    -51414.491628085474,
    -56585.62395351718,
    -52649.49062902429,
    -47933.28652819789,
    -47821.91051385941,
    -49006.733646333574,
    -57079.74851753163,
    -54323.607752799435,
    -50958.662173524244,
    -53495.012400324624,
    -46538.28269564972,
    -54820.31642846686,
    -50936.82468399824,
    -54839.83088020838,
    -51120.68550182112,
    -56195.89502564714,
    -59029.086670183184,
    -50306.89355420655,
    -50309.7558603386,
    -57929.522696657164,
    -54902.38414832364,
    -51871.33223837362,
    -52370.824150338456,
    -55921.58306832281,
    -48132.00813092545,
    -50880.21237959975,
    -47426.97393475164,
    -48732.29518112558,
    -51769.86997500534,
    -53101.47923554221,
    -51069.04451913864,
    -55072.4536659794,
    -45369.12955793863,
    -49497.42233634277,
    -55787.54826975372,
    -51899.75920534782,
    -50979.698593810055,
    -56596.25690434765,
    -49345.76239213303,
    -46561.84287036395,
    -52789.902663745444,
    -51692.776550539944,
    -45558.793459277746,
    -54000.79954827558,
    -48732.2998015029,
    -56798.808581386766,
    -52921.665944172244,
    -52662.77744874958,
    -45724.49332938126,
    -49200.815333001265,
    -48605.89185039555,
    -53484.417342108114,
    -48933.16935712794,
    -55518.526108033635,
    -51567.61834846028,
    -55204.279630852514,
    -46872.143920882954,
    -58939.45615923496,
    -46763.67235285294,
    -54947.88265471131,
    -49526.562865099506,
    -47246.77806304093,
    -52026.61786494777,
    -44417.79649527285,
    -55360.5763224383,
    -57175.467538985286,
    -47701.34954697034,
    -51816.43324786005,
    -59548.83249709078,
    -50353.21632279894,
    -51745.35571933304,
    -53322.41519128947,
    -45713.36922871137,
    -46846.22486923842,
    -46014.20215053206,
    -55180.644163937155,
    -53146.61916971024,
    -52009.12055514507,
    -53620.383750897316,
    -45915.37362603075,
    -52376.01838225658,
    -48729.581759931665,
    -54305.77371110872,
    -51244.224767123924,
    -52439.0397952435,
    -53455.88800273451,
    -51266.394752800676,
    -48468.37250593989,
    -49973.94494990783,
    -52510.30033240172,
    -50693.639894990905,
    -54136.38293475265,
    -52775.576676146375,
    -50525.621252823395,
    -52239.63371531054,
    -46672.56159631536,
    -47401.09518551659,
    -54131.98682980804,
    -52652.51991129658,
    -49401.69259686301,
    -52598.9364731654,
    -56366.669013427774,
    -49208.20333814239,
    -52163.7987182112,
    -53906.50149069402,
    -56949.44287243656,
    -51633.284800681504,
    -45512.90053661097,
    -56392.17779462223,
    -47786.42993223563,
    -47376.10814440665,
    -49944.526273834665,
    -52921.27333857191,
    -51460.68631735487,
    -44658.80715326918,
    -54511.98301891042,
    -50628.27273849375,
    -53622.65116633973,
    -50291.336713306584,
    -54391.60917840835,
    -51094.64983801783,
    -50786.240057017945,
    -58319.997943935756,
    -53262.77357747426,
    -56309.14333572352,
    -56292.490320674544,
    -48760.38702183308,
    -48476.931733850506,
    -50588.645879526215,
    -49189.82940177011,
    -47557.812934827176,
    -56281.21480866192,
    -51270.58035781556,
    -45694.06515064672,
    -49704.93224431952,
    -55232.32672775345,
    -47341.66153834092,
    -46964.115813683544,
    -48414.722736695214,
    -56313.943752962376,
    -50174.18974051238,
    -49160.352219425185,
    -47177.13268652521,
    -57510.12802496846,
    -53048.56810237237,
    -48007.37711593181,
    -61814.29342706055,
    -55333.10235022356,
    -47628.463689317054,
    -51508.52619598277,
    -53980.22143989614,
    -53713.63756328153,
    -56354.89818783846,
    -61241.97728967411,
    -49576.54284300692,
    -49726.51601526329,
    -51312.94937046651,
    -51602.622747710084,
    -53024.59614257035,
    -54779.710530421784,
    -52496.82860460862,
    -53133.162099038935,
    -47732.50054991731,
    -50450.322687720756,
    -50587.784778642934,
    -49643.50941107389,
    -48571.95808921829,
    -52002.52441470447,
    -50833.10643555099,
    -51894.00825845156,
    -50863.7655243032,
    -47038.84647938378,
    -53549.64279744011,
    -49640.12266868605,
    -55136.82958593838,
    -55677.11727295939,
    -50073.52387917663,
    -50985.96378006772,
    -50590.59812094702,
    -48995.3182168811,
    -47429.928546623196,
    -50066.57795198159,
    -49407.21711978393,
    -48858.86368800953,
    -58159.68407598967,
