{
  "actor_lr": 0.01,
  "critic_lr": 0.01,
  "stopping_episode": 295,
  "total_episodes": 396,
  "all_rewards": [
    -42155.24324024631,
    -39321.40242732795,
    -46133.937559812555,
    -48003.81031521879,
    -52689.774458632186,
    -49808.49755257102,
    -44517.00261721818,
    -38056.75569317628,
    -39525.57603235414,
    -41121.92020123203,
    -34275.16684230097,
    -40749.266613721586,
    -37548.65514750134,
    -39216.18374962307,
    -35736.7339801903,
    -41874.396836780004,
    -40382.24218043615,
    -41851.48871857396,
    -41097.70272261945,
    -37148.13117648282,
    -36320.49460228413,
    -39907.88985436767,
    -43263.28842837645,
    -39893.45031789624,
    -42338.28312779374,
    -38477.7066634704,
    -36552.01707617832,
    -42717.454959747396,
    -43294.086452615506,
    -40534.28497014476,
    -39320.48369877893,
    -39895.09027091137,
    -37606.748610367926,
    -40742.393127149306,
    -40053.33566195753,
    -39608.01591408184,
    -37537.22630663786,
    -38027.362562467046,
    -37388.3373798252,
    -34110.54222291555,
    -38996.425781424376,
    -39565.8083344615,
    -36943.93827021103,
    -36893.90284179003,
    -42694.11902091147,
    -44176.05012632922,
    -33523.76124432271,
    -39578.9577766518,
    -36672.084565936486,
    -40487.371247849704,
    -38406.50648691202,
    -42434.25306787288,
    -37300.59572665027,
    -39825.924924913714,
    -41452.87004722941,
    -39896.69572097117,
    -42131.170995275315,
    -40101.87460682055,
    -40053.83632613248,
    -36511.565072006255,
    -38586.25515087285,
    -41386.87766258794,
    -45854.04373250581,
    -39179.984866336774,
    -41973.321179165236,
    -37096.27922189996,
    -37830.98757173086,
    -36907.22481477779,
    -40549.99941102352,
    -39426.98075303317,
    -42215.21737863958,
    -38894.91408793137,
    -37524.44446048713,
    -44981.25316027361,
    -44221.09193907713,
    -41753.93615305755,
    -41145.333682908065,
    -37206.78258201128,
    -39636.457115766396,
    -40888.61595427677,
    -41951.90863588362,
    -37398.20775293751,
    -39906.39285669757,
    -40233.8313916948,
    -37176.990337712436,
    -41240.156992730146,
    -39460.69117740831,
    -42402.96211558521,
    -39859.07190975128,
    -38931.881729298715,
    -45308.896384844316,
    -38631.33340055896,
    -40408.71057583373,
    -39837.47409503572,
    -39108.90282539681,
    -42734.214254789855,
    -46357.14208288249,
    -38727.53542149997,
    -44290.311396183984,
    -36911.41152091905,
    -40212.88980579385,
    -42468.24850705552,
    -36798.56747880725,
    -38120.37455644235,
    -39110.67695681019,
    -41228.96124942155,
    -39449.81905924826,
    -40078.75069917273,
    -39325.634820235646,
    -37699.39186934647,
    -41142.59102698004,
    -36297.24759821052,
    -39134.13354440712,
    -40113.236629323925,
    -40762.25115417852,
    -42663.08692176749,
    -41560.2538383863,
    -39673.40719587206,
    -42627.54774508852,
    -37532.98227917942,
    -39498.081089147214,
    -39417.49644014953,
    -40847.713541211415,
    -42886.04732635449,
    -42923.249466096604,
    -39329.94497297053,
    -43601.74402520809,
    -42375.36428671133,
    -39040.323128982054,
    -40007.84471508215,
    -36848.949687596025,
    -39083.90581395068,
    -39490.97972769453,
    -40558.17783102325,
    -39979.683026018945,
    -39902.863651882515,
    -39185.46821937176,
    -37526.59707206551,
    -32650.21962874485,
    -40945.48542391995,
    -41681.415855041916,
    -40897.91823582892,
    -40344.75026111874,
    -38761.14019309778,
    -36803.937802623805,
    -39413.82656881169,
    -39293.924693282504,
    -47731.715415544684,
    -39445.96465653612,
    -41618.015753583124,
    -40308.35244093031,
    -36608.09263949841,
    -36586.58539527244,
    -34348.63678000404,
    -38668.90695720483,
    -38519.12452638396,
    -41251.26963810906,
    -38257.93157998915,
    -39319.28265337976,
    -43246.199985306084,
    -39022.61008669172,
    -35759.789891034176,
    -40631.46730296879,
    -41217.5959219422,
    -37006.22310767225,
    -42823.69633244288,
    -38131.17444237573,
    -40057.48725428595,
    -36191.841363892156,
    -41653.700977249755,
    -44377.181948976024,
    -39442.34190952453,
    -43223.509781636865,
    -40114.29397128776,
    -35130.405291384246,
    -38464.33867026072,
    -35112.92374768789,
    -39850.806450553064,
    -42779.76397193721,
    -39356.96480550328,
    -38093.90126165626,
    -36915.89318876287,
    -39140.463550130764,
    -39821.17263714058,
    -36609.95158668506,
    -37953.47310735255,
    -38404.876991722085,
    -38770.59026488787,
    -39683.80079565302,
    -39858.185227162096,
    -39391.528811092336,
    -36789.61476107972,
    -40469.7468736925,
    -43146.231831030746,
    -41002.84037378206,
    -39382.39889347348,
    -38651.63183797841,
    -37711.868996289,
    -39830.56974901986,
    -41767.93269837205,
    -36292.7531438075,
    -39971.25458452664,
    -40772.79291326057,
    -33380.81426653265,
    -43383.101108142444,
    -38635.07676397286,
    -39285.18226432927,
    -42433.863276362594,
    -41290.88122936441,
    -39025.109869683845,
    -41431.62831051767,
    -33693.354120925535,
    -39175.828145279804,
    -45577.12937419851,
    -45999.85543720236,
    -36413.308717298794,
    -38466.84274092873,
    -39622.929687565265,
    -40360.49107331451,
    -39565.37079291661,
    -44999.63616786951,
    -41997.57549141656,
    -35494.648529522776,
    -40448.65740727238,
    -39603.98508547398,
    -42187.79707314208,
    -40983.02849909499,
    -39904.24706821305,
    -38673.222968652786,
    -38990.24097287056,
    -40932.844769927295,
    -33903.053090817746,
    -41882.039672974846,
    -41681.52060614324,
    -40487.86643866673,
    -37912.33668007214,
    -40788.27310208019,
    -35729.05450807339,
    -41044.373039278034,
    -37218.69608927417,
    -39857.516688071046,
    -37177.9350635541,
    -39794.19009219892,
    -39052.76906586373,
    -43408.080304144794,
    -37184.963912621264,
    -37714.58510017322,
    -40337.014449440314,
    -33838.45206967,
    -39887.8091557429,
    -39386.15937393322,
    -41400.12279608329,
    -34232.23602795926,
    -40815.62236866068,
    -38892.05396991965,
    -39945.701937393686,
    -38118.861337102884,
    -37802.310944137535,
    -37893.342632668675,
    -35896.70963727756,
    -36518.68971075746,
    -41404.82398397135,
    -42124.1467209542,
    -36927.45409050143,
    -41283.265332540774,
    -39871.58728795887,
    -40976.59987848361,
    -38936.134067814855,
    -38740.55520855092,
    -40431.62113555178,
    -37579.14504790603,
    -36738.78055217934,
    -37961.51012033574,
    -38464.89700211479,
    -41548.7136565007,
    -36212.45282708459,
    -39895.40723672623,
    -42529.47469308002,
    -43675.30053519232,
    -37405.538814567706,
    -38221.50827213163,
    -39346.73483446783,
    -35653.17038966124,
    -39659.47818157011,
    -38953.87070656365,
    -33133.8768866048,
    -35044.62306732203,
    -43709.224830072126,
    -42740.9015875368,
    -38336.36302103975,
    -38117.48507157357,
    -41472.86091446668,
    -42420.841525464726,
    -38503.63704345134,
    -42989.95017430241,
    -40941.63500816788,
    -39333.24089753492,
    -36255.09983698432,
    -43845.44544637906,
    -40220.089078673234,
    -39224.01586072674,
    -38053.06853315167,
    -39746.099707311245,
    -39689.38240639248,
    -39499.62726794937,
    -34140.5170258157,
    -43326.14511875728,
    -37889.44766268616,
    -40068.8259687948,
    -39444.49973898358,
    -39416.214551165416,
    -40463.1384594469,
    -40979.814770487625,
    -38248.12231593496,
    -37755.9899265366,
    -38452.2679952747,
    -38633.14539414087,
    -45067.40839180114,
    -41249.72760813756,
    -38778.51141724461,
    -41766.34507814412,
    -39933.48045301081,
    -43095.24450341633,
    -39847.293674298875,
    -41039.185106034216,
    -36771.58579094519,
