{
  "actor_lr": 0.01,
  "critic_lr": 0.1,
  "stopping_episode": 500,
  "total_episodes": 500,
  "all_rewards": [
    -46734.81636941554,
    -46590.7305340912,
    -49437.48730833126,
    -54663.84848649537,
    -55838.1284919474,
    -55336.36674842404,
    -54913.131143162114,
    -48561.07487843314,
    -44262.09041775921,
    -55383.67919221551,
    -54692.000750712294,
    -48256.43072469828,
    -48393.33827066362,
    -48487.46474794588,
    -49086.67847203119,
    -50034.538572086785,
    -47481.31643132278,
    -46790.54708010336,
    -53726.17590476135,
    -47713.71252598937,
    -50944.34941049184,
    -52385.378617563634,
    -49320.42595730604,
    -42834.87207427347,
    -52590.95591686848,
    -43874.01897164735,
    -47690.08906103992,
    -51707.63965431336,
    -49873.546216072034,
    -51390.69726254401,
    -45620.44413916254,
    -46870.69077170761,
    -53797.16744379665,
    -53190.06763948283,
    -45875.798841013115,
    -53337.43639959184,
    -46981.9374245421,
    -47966.40397728559,
    -55709.359986761716,
    -54013.80789409438,
    -53895.85067776346,
    -52414.81918522691,
    -53399.92973305201,
    -47079.86913510663,
    -54302.01617172644,
    -48622.42810415703,
    -52039.197431230714,
    -53417.02963357272,
    -52840.28588490486,
    -49216.16350013945,
    -51515.52559856114,
    -53373.965034707864,
    -47905.99380339862,
    -43648.111067347185,
    -56845.757186312694,
    -51329.777043286485,
    -47343.51264325438,
    -52764.995887651356,
    -56650.648718536795,
    -48923.71379868903,
    -53824.93793574938,
    -52118.61695012451,
    -54012.37112849242,
    -55178.37425388297,
    -50338.26322928459,
    -55151.22833500383,
    -51180.443987204235,
    -50791.30703297974,
    -54040.38091699028,
    -48175.237657893274,
    -48854.26055288998,
    -54417.893239238714,
    -47155.61963917422,
    -43985.46584495297,
    -52572.99981226573,
    -49752.89431687254,
    -51807.0225818665,
    -53617.99334985695,
    -56744.637581092524,
    -44412.70282947038,
    -51021.55827284838,
    -56625.970891029516,
    -48565.03735102194,
    -47210.70386577452,
    -44161.220436506184,
    -48879.360981879785,
    -46510.93368997745,
    -52208.918289324945,
    -50449.7991636125,
    -52556.19764642753,
    -47584.226682563836,
    -50133.610173981666,
    -46712.509070845736,
    -46912.29980841386,
    -41091.82959557146,
    -53065.499897933354,
    -52040.09134427338,
    -43715.401380182935,
    -48855.1566101808,
    -53305.34795441806,
    -46937.776790125165,
    -48249.512804921724,
    -47158.22579902588,
    -51825.550841817756,
    -51869.94259810327,
    -45817.093966807806,
    -53832.05601352126,
    -49998.27998795367,
    -50623.04258629187,
    -42928.12485307344,
    -46425.972362237146,
    -44568.30175930921,
    -47449.42184805011,
    -45427.45290760494,
    -45312.96068756547,
    -41660.076643536064,
    -46542.81044764995,
    -50472.28989423109,
    -45278.66578122377,
    -46708.26032075935,
    -50879.823447367,
    -43607.81128555018,
    -51515.00841462162,
    -49794.54084607498,
    -44061.03730882216,
    -44258.91892199663,
    -50228.43522040252,
    -49193.011975702626,
    -48788.79372390008,
    -48789.20858635512,
    -50743.41573933093,
    -46240.6035789916,
    -48616.605295763475,
    -47208.61657220286,
    -41770.46459442208,
    -43537.56034004321,
    -45067.53447910453,
    -43170.811153761366,
    -47719.151685608,
    -51313.83446101783,
    -49024.829275137825,
    -42027.82815094414,
    -43611.61744917981,
    -38767.637381106986,
    -42310.766233575276,
    -40232.48956320919,
    -38968.02846828425,
    -41256.098843123,
    -51283.2438553702,
    -49944.82505598243,
    -42284.15072028669,
    -46909.247485697044,
    -46877.104425420024,
    -40625.60407983358,
    -46229.98696401548,
    -48328.651604536644,
    -39400.604926358435,
    -42560.070211335886,
    -47143.0272248571,
    -47384.37535956462,
    -41814.723610403016,
    -39765.36710147454,
    -44257.13655679079,
    -43703.40459699078,
    -40106.747320145696,
    -42165.56202307778,
    -40865.223892853995,
    -43491.05393509752,
    -46230.71239255846,
    -41544.598583963416,
    -41528.70262878281,
    -51224.905755171116,
    -44652.686963795735,
    -41614.910655688815,
    -39536.574268816374,
    -42118.356649654655,
    -44438.67478382098,
    -42822.278462664086,
    -39663.589133183974,
    -42391.57203153582,
    -45919.87836011951,
    -41499.27738518809,
    -42106.09161550015,
    -37086.88821000676,
    -40771.52250505487,
    -44760.815282928605,
    -38236.22414622108,
    -44470.224655652644,
    -33471.51918444916,
    -40450.12466698806,
    -38865.29083924746,
    -43368.951071345255,
    -35406.70488397963,
    -40005.936461272955,
    -42631.728303245094,
    -37193.417628800315,
    -36780.48103680469,
    -38455.4782798523,
    -40381.39642835924,
    -36323.371557388506,
    -38069.05284075261,
    -45430.38938533298,
    -44992.76979546197,
    -43883.658290261876,
    -40560.77149323243,
    -37085.09568505987,
    -40705.123348050045,
    -40288.124931286955,
    -39685.969858128985,
    -42775.04657920224,
    -37654.02461213267,
    -41751.202481210246,
    -38456.218897750274,
    -38543.46652748166,
    -39986.78296677713,
    -37746.809544600226,
    -38650.47077348879,
    -39873.89811151049,
    -39929.234808062814,
    -42452.56998274005,
    -34840.83787514551,
    -41045.149332660425,
    -36868.85170333636,
    -39136.79936307981,
    -41110.886575555,
    -41656.07022785749,
    -46182.16638382313,
    -39134.43481102722,
    -44916.202475086175,
    -39307.20291336328,
    -45938.8211470715,
    -34709.423167902176,
    -38474.663538420304,
    -41771.19606582771,
    -39855.67226455621,
    -41312.277242831144,
    -43392.92919700939,
    -42746.417988257366,
    -41797.8047934652,
    -36175.00677718079,
    -42043.35084244552,
    -42622.00408632498,
    -44438.05882896783,
    -40139.04366887039,
    -43913.83263257801,
    -38714.65705109859,
    -35943.642855235004,
    -38875.130910360764,
    -43861.40531355931,
    -35732.72164121225,
    -41404.46896801773,
    -42694.75976387129,
    -44656.1931548857,
    -36705.11656398931,
    -41009.360259546505,
    -41622.50287537685,
    -37991.39176862251,
    -39675.125325547815,
    -39733.657317363846,
    -38188.00175827953,
    -38651.31235398615,
    -38683.75100794773,
    -44155.263364104176,
    -42112.53491154344,
    -43508.96545439151,
    -43473.280536787206,
    -45668.98180639221,
    -38528.583650576795,
    -42338.776361552176,
    -39898.41216223393,
    -41865.0954383561,
    -42343.31230956983,
    -41283.10819011389,
    -41514.41394617482,
    -45430.418080176445,
    -40442.42463851165,
    -35650.48430384908,
    -40415.242286405,
    -38246.895297106545,
    -34789.41126463128,
    -43221.768549397166,
    -38143.26346362741,
    -37302.22553381963,
    -37702.64567600474,
    -33895.13113322651,
    -41539.41941727602,
    -37168.616666719085,
    -39654.08365295731,
    -38063.2303853159,
    -39818.84698903837,
    -35053.372303056,
    -39787.78648599464,
    -38991.80184258177,
    -41917.87437859852,
    -34134.81812369046,
    -39564.8564091689,
    -42773.260227748266,
    -41799.450852304035,
    -40565.3477659397,
    -42424.818156609304,
    -36461.58911808787,
    -37209.158204827974,
    -38909.93393434068,
    -39040.72972523321,
    -39000.55426299922,
    -33126.65331912729,
    -38798.39312428624,
    -41335.51570580106,
    -41086.948869872846,
    -37628.62838111973,
    -34374.869322086604,
    -38833.30943563264,
    -41177.84826194279,
    -41323.97469148477,
    -39521.4782568999,
    -35923.5431218719,
    -37587.64318012713,
    -38125.350229018135,
    -33728.82630105084,
    -40690.825073368935,
    -44982.05821348369,
    -40308.13981624765,
    -48552.581590249785,
    -35226.44064733723,
    -41398.11634306081,
