{
  "actor_lr": 0.01,
  "critic_lr": 0.001,
  "stopping_episode": 233,
  "total_episodes": 334,
  "all_rewards": [
    -36497.64423063856,
    -48821.35607234092,
    -45088.19952384204,
    -40535.932696459255,
    -46665.221709539706,
    -42114.99178633999,
    -50050.30063914043,
    -45985.694586992984,
    -41183.89313383891,
    -49866.65470865347,
    -46670.22753678918,
    -47359.047690145606,
    -48387.48421258031,
    -42091.04485373652,
    -45565.05419376296,
    -44675.63392996925,
    -47911.94274418773,
    -48585.18170792575,
    -43520.425961744026,
    -48107.42324558663,
    -41680.132067713035,
    -44511.95765338858,
    -47483.23461039245,
    -46814.928188204954,
    -46273.23486054334,
    -42975.02791850703,
    -39085.34207511094,
    -42804.16651195805,
    -43587.97296205034,
    -48074.53386745745,
    -42190.12984863225,
    -41461.66762316739,
    -49008.007113067295,
    -44266.13039649309,
    -39363.96662801813,
    -42956.817136598635,
    -35738.90700500527,
    -44641.80305317662,
    -41119.20668643985,
    -35989.79121869401,
    -41332.32990628195,
    -43346.648766740684,
    -41923.12664806908,
    -44012.9632354496,
    -49469.6620835537,
    -43915.96239265221,
    -38386.98313786585,
    -47892.125375048054,
    -42047.74138937399,
    -42120.22810254524,
    -42216.192526476305,
    -47606.11431745585,
    -42095.83977562763,
    -46298.61042522311,
    -47236.688965993424,
    -43018.210654005474,
    -43468.91389417254,
    -43542.06566662749,
    -51071.81953178695,
    -45260.504107126704,
    -44822.32477413888,
    -42606.187699023256,
    -44182.80170094689,
    -42363.111332867,
    -48615.488107294404,
    -47791.61028422244,
    -46390.56848042388,
    -42765.01625974632,
    -44764.60265861386,
    -44335.443532444006,
    -45159.26628045633,
    -47495.10423476198,
    -41960.73005308679,
    -49315.37175043533,
    -45294.3633887929,
    -47622.842591859415,
    -40700.53338284812,
    -41178.48881214049,
    -47828.40193200915,
    -46249.048086835544,
    -48439.56053761461,
    -42392.598483078684,
    -45913.79515841941,
    -36129.02263128187,
    -42408.39645336295,
    -42231.45773553251,
    -43622.73891664986,
    -43632.44632983686,
    -45935.909377633245,
    -41620.575435844476,
    -48158.66843083613,
    -47316.99002735252,
    -46503.628261831436,
    -42840.571982683134,
    -43324.37111833187,
    -42098.699137523974,
    -40887.654667718045,
    -44823.573184806795,
    -46859.59580221775,
    -38979.83620162551,
    -45795.891252032096,
    -41078.74622890517,
    -43902.37888465305,
    -41708.85569016219,
    -41402.59717857272,
    -43909.66121936965,
    -45183.457163900945,
    -45814.77816438417,
    -45429.407031856106,
    -40827.00017944302,
    -41488.63492370658,
    -53783.74482853213,
    -46865.590459276806,
    -49565.55279598462,
    -43056.68165441654,
    -43039.26264392332,
    -40637.15720702603,
    -41906.58274276226,
    -42687.17656955265,
    -42300.50183228985,
    -42580.488720924164,
    -41625.15227157924,
    -43817.76067042268,
    -39533.420775354905,
    -46148.12203353594,
    -39040.95064417305,
    -41185.49272754535,
    -47133.93250036631,
    -48970.192873780055,
    -44750.27282365606,
    -43003.76187067965,
    -44657.235217831505,
    -47715.483438486364,
    -45370.64192498198,
    -48162.53758990056,
    -41498.34417511089,
    -38380.489805320045,
    -42520.70432119343,
    -40260.49790493672,
    -44899.794801684024,
    -37997.32808308526,
    -41980.87231113817,
    -39273.94062166466,
    -43349.749140555665,
    -42190.23112236593,
    -43290.691897299796,
    -41229.492323496524,
    -48704.79352042102,
    -47594.63046060847,
    -48206.460525283466,
    -40952.78926416524,
    -44921.41885637205,
    -38210.93839894539,
    -47517.73104112454,
    -43930.40761008106,
    -43251.522602785466,
    -44529.914544962165,
    -44329.55391430187,
    -51507.94805216232,
    -45841.71189961902,
    -44305.31067469591,
    -43550.23365742719,
    -43903.11309197714,
    -41770.4363007738,
    -47672.297403883815,
    -50283.18551210019,
    -42707.74191774383,
    -39977.46066680924,
    -47107.206657912764,
    -45537.20376600783,
    -44329.4525551261,
    -46805.810535373035,
    -41595.72740581461,
    -42666.79774468156,
    -44750.12502174886,
    -49720.790588450094,
    -41160.44121326592,
    -44274.8601807027,
    -39931.29457681567,
    -49263.72825852145,
    -45913.58906911302,
    -42096.21936177931,
    -47362.70035150647,
    -43335.998751560815,
    -37942.43052379788,
    -40446.69696435966,
    -44471.48491456519,
    -45853.05190523269,
    -42103.740382819204,
    -44908.5055612647,
    -47368.01337279339,
    -42180.971505029884,
    -41958.62584352021,
    -41890.17852276212,
    -38996.080830558196,
    -45115.967229268004,
    -43972.49855454269,
    -46372.02381244107,
    -46234.25242995455,
    -39510.97271676017,
    -45527.661090130365,
    -42048.17996343857,
    -39154.432405085034,
    -40726.50271925669,
    -45413.28224065111,
    -50474.46849984381,
    -49368.746456282934,
    -39174.59085076697,
    -40913.188071565266,
    -45730.25601997132,
    -47647.98730042022,
    -45293.09055627384,
    -44708.153536210266,
    -45625.36786371132,
    -44518.237957462145,
    -41507.547388342595,
    -38320.35967971672,
    -42857.120160985374,
    -49382.35072930551,
    -43388.590461038424,
    -44422.576483309145,
    -40873.99456919837,
    -41878.678873265686,
    -42811.37296756353,
    -46007.86742656881,
    -48037.6553776482,
    -40152.19392810831,
    -49391.329303010876,
    -50821.325177788356,
    -47235.87125080376,
    -44188.01349809767,
    -42662.17628298829,
    -43599.74439088398,
    -43655.27743967036,
    -42536.376540009514,
    -46512.53116818002,
    -44149.43165943135,
    -39353.88717791992,
    -42519.92019974738,
    -45509.11376699886,
    -42401.590439745094,
    -43810.59023245915,
    -45289.15623288625,
    -44804.9498339827,
    -48012.41711461211,
    -43853.275285456046,
    -41415.55091831274,
    -39974.55154377192,
    -42067.601140211205,
    -47981.09621959466,
    -37711.8523768857,
    -42242.84008886329,
    -39574.4281021975,
    -46628.384436457905,
    -49643.75162932666,
    -40562.5002962478,
    -43462.828540250135,
    -43258.01859446714,
    -48829.107009545,
    -41921.16395211216,
    -43826.05664247177,
    -48216.28061038931,
    -41261.80795478668,
    -42391.47079444446,
    -41894.96094699937,
    -43378.14187108884,
    -42566.60474949421,
    -45414.15294369196,
    -47877.83571718383,
    -41033.99824291107,
    -46680.85337488397,
    -45872.90209051977,
    -38710.248249430624,
    -43783.80184395251,
    -39336.62182128247,
    -43211.143298965224,
    -42268.652692726355,
    -41231.53768284057,
    -42838.757268790076,
    -43996.880170325276,
    -39656.13836465158,
    -38139.559789696694,
    -41170.66344740153,
    -44121.36886268832,
    -45363.915419366516,
    -46024.071680117304,
    -44981.9354620473,
    -45602.702440123714,
    -44504.43190683337,
    -42511.432079728474,
    -49388.857447188864,
    -45312.25306664573,
    -44710.81833229154,
    -45458.68506134605,
    -37670.28614978005,
    -40519.75786972039,
    -42993.35027378066,
    -46195.914089652084,
    -39775.368374822676,
    -42166.049948314496,
    -44004.68964886553,
    -46271.90596201718,
    -47608.20182570644,
    -42003.34330135021,
    -46645.913963384824,
    -41702.10584869466,
    -38111.43340746066,
    -47219.669984868146,
    -42414.58092377165,
    -43266.52621074668,
    -48376.41388836511,
    -43343.96325679332,
    -40234.73888239469,
    -47088.827316125054,
    -46124.244505786985,
    -42303.0425938707,
    -46138.06250604373,
    -40942.39981289192,
    -44921.910857480005,
    -46233.73436859333,
    -46481.839223301235,
    -40589.63613690627,
    -46111.51323076058,
    -44617.48694328153,
    -42016.4466108313,
