{
  "actor_lr": 0.1,
  "critic_lr": 0.1,
  "max_grad_norm": 1.0,
  "stopping_episode": 200,
  "total_episodes": 301,
  "all_rewards": [
    -40821.11283101448,
    -43542.33127432681,
    -40146.510838023234,
    -46625.41011398898,
    -52172.63062625442,
    -49237.64272029002,
    -38055.64035130823,
    -51672.8459602081,
    -47049.25824887026,
    -46884.86820385409,
    -48325.98494299214,
    -40365.82947914158,
    -44816.08344151638,
    -51363.85192471259,
    -51058.44599171559,
    -45286.602970243766,
    -51891.40397373271,
    -42688.20197745663,
    -48483.48327907787,
    -46489.41095745954,
    -49252.08085148437,
    -47979.06906599547,
    -49688.58325413293,
    -49327.41040238434,
    -40656.11816871159,
    -49478.32737713079,
    -47686.20271133576,
    -44904.25068398365,
    -47601.59431926611,
    -40626.44066525654,
    -49322.46383037089,
    -51668.76647405045,
    -50445.84683513882,
    -44782.956036620206,
    -47544.0197558697,
    -49469.58642029911,
    -46935.39300872068,
    -47590.73541343506,
    -48597.17861136903,
    -47005.49444134243,
    -48137.98106594442,
    -52346.40547840758,
    -44840.05552922194,
    -43739.445996564435,
    -44950.96859916729,
    -49004.84033208902,
    -44030.0494003365,
    -53703.766515454074,
    -43506.331408687474,
    -53773.77320951708,
    -48545.38874599247,
    -47875.72819700702,
    -45794.07066562702,
    -43666.22198095145,
    -51327.26750711611,
    -48295.16355295806,
    -46187.51121772142,
    -46693.51008909735,
    -47644.23486699448,
    -41279.47073072724,
    -44823.055807699755,
    -50849.68064269687,
    -43570.570174241075,
    -47944.77107699987,
    -44928.39514700628,
    -43980.52965626021,
    -49991.58680774659,
    -41371.65368910628,
    -46696.00576663752,
    -40187.25730820869,
    -45312.57387264336,
    -40708.142163793585,
    -44791.315911539,
    -48428.95618552759,
    -43995.443231513505,
    -45434.4763041696,
    -44964.4495680695,
    -51250.81931417602,
    -49774.16914174443,
    -48386.05288402308,
    -42328.465734115525,
    -46605.74696529069,
    -45412.29671063511,
    -50263.63088031204,
    -50038.62793421046,
    -45658.9468439082,
    -50928.50190036984,
    -46168.13873021016,
    -49167.320441251126,
    -42002.66380456589,
    -49399.30261636122,
    -48960.37420118386,
    -46635.54151087374,
    -47926.47594286818,
    -46760.79327545969,
    -48697.98494529856,
    -55315.21576369095,
    -48471.567711502925,
    -50596.06136965586,
    -48382.576668474314,
    -48335.99005185148,
    -50244.75825470437,
    -50125.921638501066,
    -44673.40327330461,
    -45085.48981856584,
    -52862.13560060233,
    -46515.74538581214,
    -48106.965578159114,
    -44233.15164491432,
    -44974.6938760118,
    -44779.03950462556,
    -45469.68035238225,
    -45202.46590932797,
    -49539.574285141905,
    -44098.96139694903,
    -49987.47903872971,
    -49818.959279733346,
    -46530.355526836356,
    -49809.978100827575,
    -47831.61934415025,
    -44571.43515580564,
    -49249.0897260333,
    -50288.80788198895,
    -47792.99461678755,
    -49652.03805805973,
    -47431.079094404886,
    -52692.68688500303,
    -44449.367949866966,
    -52595.66958464897,
    -43368.955586293,
    -43681.038919762155,
    -47182.95216071911,
    -49938.35473298764,
    -45757.16077397469,
    -44278.06996083349,
    -50019.545218259474,
    -52325.810730151396,
    -50466.14406522625,
    -40335.11234128715,
    -48119.279751379116,
    -49377.556595569,
    -46965.13569647572,
    -46874.945896844896,
    -49542.977100748874,
    -47276.78219372945,
    -47337.57862894841,
    -42738.75926477362,
    -46365.20927768269,
    -45008.79990706854,
    -49034.68391668889,
    -51100.31106680696,
    -50208.2736910152,
    -50120.33985609669,
    -41650.62807130866,
    -48095.18259356062,
    -49447.80836023875,
    -45214.17546429069,
    -38445.6826334001,
    -43344.78046686572,
    -51507.24629460451,
    -45146.291814374286,
    -47869.79062600231,
    -51338.386711351224,
    -42944.445462581345,
    -46027.1486677528,
    -47938.00511545047,
    -53130.60612465091,
    -49301.84482317734,
    -48067.56285011771,
    -47898.62678412149,
    -53151.15534324382,
    -46351.89283949564,
    -45035.48098032768,
    -50737.67039423821,
    -46066.93232634195,
    -45865.76082843043,
    -47835.33545948252,
    -47945.36591961021,
    -48594.859681838265,
    -49602.43016328614,
    -39546.733703930724,
    -43691.09143111063,
    -44907.59055425615,
    -44788.517504215124,
    -48822.65621971095,
    -51738.13824761158,
    -47598.86297325379,
    -49513.07443618012,
    -42497.21067849572,
    -40802.57697712741,
    -47181.38407894051,
    -47095.422707643374,
    -44074.31796652648,
    -52414.90553473883,
    -44763.8048929825,
    -40618.598793987425,
    -48107.62752644536,
    -49628.33692263945,
    -46447.37140308181,
    -50832.490078219314,
    -43056.474877450484,
    -43385.55410149152,
    -45686.404936166466,
    -42033.33487319547,
    -52639.578793403554,
    -43137.96483789468,
    -45874.91235402433,
    -46551.29272734544,
    -46043.255993802,
    -51473.04143906513,
    -48429.906329236976,
    -46874.21242280961,
    -49833.52843467401,
    -50826.16161482339,
    -43930.69448884709,
    -49372.80353767199,
    -40172.479246248935,
    -46878.47562575004,
    -47801.30409638508,
    -47203.36924621893,
    -57189.01524114679,
    -47817.23656883181,
    -47057.55801802188,
    -46753.64780552862,
    -47411.40361801277,
    -52500.223352072804,
    -50123.11183954815,
    -47600.40707960073,
    -50008.5153477293,
    -46962.24149251828,
    -47645.78860635501,
    -43403.62746369548,
    -50324.83459678351,
    -45410.283461371306,
    -46761.4483033001,
    -47155.4343534014,
    -45082.94457595455,
    -41770.91751675572,
    -41561.99503989861,
    -46799.78437367368,
    -44828.59476766929,
    -45252.82672280747,
    -45888.18018190285,
    -48381.72194495639,
    -44005.73139373824,
    -49183.84687569446,
    -44994.255353040855,
    -44417.30807422939,
    -39240.99718484123,
    -45149.55648976108,
    -44222.75055843887,
    -47591.972635910635,
    -44937.23417563368,
    -51266.46042021854,
    -49849.43064549182,
    -46263.540648321,
    -44899.81611331859,
    -50963.23873962609,
    -42520.52154518081,
    -45703.859971846214,
    -50313.20216220588,
    -47039.117966407575,
    -48589.90075059767,
    -44113.76708689605,
    -46279.98962753399,
    -44197.243828973704,
    -47841.541617254035,
    -45764.491422746454,
    -52455.58092036912,
    -52353.60272883212,
    -42498.49253273095,
    -42188.33386594501,
    -46209.187913295136,
    -47235.46167151996,
    -45138.39202445788,
    -46747.05532770289,
    -46388.650969876704,
    -48487.37189455141,
    -52220.553463153265,
    -43583.13374788354,
    -41624.53761808635,
    -48407.18492083652,
    -41605.98503259994,
    -52763.62692905616,
    -48623.08566893989,
    -42512.161737202856,
    -50474.75140077669,
    -51764.70214473974,
    -53385.11204154292,
    -48970.164194790916,
    -52193.335070741115,
    -55280.78862883757,
    -50846.10520834917,
    -49125.25325968099,
    -52998.4168039165,
    -41506.456600026824,
    -46621.791577858865,
    -47663.05067017022,
    -51756.16995673211,
    -50310.67315813074,
    -47815.321076400294
  ],
  "final_reward": -47815.321076400294,
  "per_actor_stopped": [
    183,
    161,
    161,
    162,
    161,
    161,
    161,
    162,
    177,
    161,
    161,
    193,
    161,
    161,
    161,
    161,
    2,
    200,
    161,
    161,
    161,
    178,
    163,
    161,
    161,
    185,
    161,
    193,
    2,
    161,
    172,
    161,
    161,
    166,
    161,
    161,
    2,
    161,
    161,
    174,
    161,
    161,
    161,
    161,
    161,
    161,
    161,
    180,
    161,
    161
  ]
}