{
  "actor_lr": 0.1,
  "critic_lr": 0.001,
  "stopping_episode": 218,
  "total_episodes": 319,
  "all_rewards": [
    -48615.288054575256,
    -42009.403063546735,
    -39954.12906137665,
    -44726.55982093867,
    -45643.66904955099,
    -43079.38061013799,
    -39135.132206832066,
    -37013.34492442947,
    -38329.86942664525,
    -43099.85029736078,
    -37459.55045448908,
    -40261.699633677024,
    -42307.86190085071,
    -36162.21306883654,
    -30287.45016761567,
    -40686.91990983294,
    -42341.61466633248,
    -38925.099987002875,
    -40696.61099390348,
    -37573.87404209217,
    -38926.055801773604,
    -36376.1663008732,
    -41212.363565948755,
    -40062.586860737145,
    -37705.29327724019,
    -37857.86399968407,
    -36211.88640468907,
    -40861.899905075144,
    -43286.33421309985,
    -40007.247604650605,
    -39017.949908082395,
    -36920.57880739365,
    -37944.44882073771,
    -45356.0553283118,
    -38592.08863696256,
    -38410.055155115406,
    -33021.981666452615,
    -39510.17178229471,
    -44034.20462023018,
    -37712.27802471137,
    -35314.80998157039,
    -43609.75624798106,
    -35433.72449796275,
    -38590.00112244316,
    -40656.231764762095,
    -44145.1344887015,
    -34937.20470132345,
    -39747.241534019595,
    -40028.385986934474,
    -47019.206801760316,
    -38321.09099858773,
    -38645.107450187556,
    -39536.53202098669,
    -41812.77505394105,
    -41978.673150971306,
    -39595.5013799352,
    -40845.66239226764,
    -36623.450191891156,
    -41366.19923170254,
    -38743.330491323475,
    -38541.222425998065,
    -39527.89995724239,
    -43598.539017478004,
    -37334.853262704055,
    -40275.78686759026,
    -36806.561600322144,
    -40926.54120440582,
    -34241.555554420986,
    -40107.25292279269,
    -35630.75186236384,
    -37905.25170825243,
    -36864.4549826287,
    -41350.328670660514,
    -44445.53104123831,
    -36329.834324106574,
    -42008.23740822468,
    -39168.29817126991,
    -38815.390887737725,
    -38877.96747270279,
    -39648.582644729286,
    -40917.71865218138,
    -38951.14776743018,
    -35760.81394829675,
    -41713.51242811955,
    -41615.885164843676,
    -39512.03127149387,
    -40986.5071458758,
    -38282.78620682091,
    -42197.166226449386,
    -34352.07294830511,
    -42850.49592372532,
    -36551.848801548236,
    -35570.60245056122,
    -39521.75890627226,
    -42615.39192641764,
    -42233.23975162262,
    -46153.85328213922,
    -44043.42879432438,
    -39876.18302771732,
    -38398.70795912059,
    -39987.8989677044,
    -38409.570689021566,
    -39006.70829150701,
    -40403.162651461185,
    -38700.988490774995,
    -46027.59411872267,
    -37909.79727372115,
    -39546.81194924926,
    -34037.70459150516,
    -32522.47076070215,
    -36922.79264363792,
    -43003.57153343983,
    -40414.65668689412,
    -40740.760109606206,
    -40706.11841206673,
    -38410.47054306387,
    -40856.08903668603,
    -39180.33103886694,
    -35272.000110897774,
    -38883.37977605805,
    -37943.51053947359,
    -38180.29585626899,
    -41741.41639880208,
    -38495.78878579485,
    -42592.1102928096,
    -37773.89705538822,
    -40529.590839962504,
    -40800.310732376456,
    -40602.052975836465,
    -39318.526487691954,
    -38753.74724241248,
    -39531.09074100389,
    -36516.180723475816,
    -42650.837677911426,
    -33571.338472935306,
    -40167.03204561404,
    -39116.6675287692,
    -36130.635919664484,
    -30607.986738437303,
    -38557.578260122966,
    -39325.60876868572,
    -39300.23466706734,
    -39757.27620696826,
    -37707.5625001241,
    -34583.24357806711,
    -35718.97559279506,
    -37357.197370470305,
    -40341.617226759015,
    -37870.39429900416,
    -39585.732317837785,
    -40328.75310810364,
    -37156.181201286934,
    -40034.01057453449,
    -37436.560952643966,
    -34151.43352795865,
    -41778.59983920007,
    -42574.075719148284,
    -34577.4953708097,
    -37199.37001727605,
    -44098.377452935645,
    -42866.80097469001,
    -40673.08404762358,
    -39930.26775723079,
    -40230.3479760863,
    -36216.972492984714,
    -41825.41810760111,
    -42424.77985983824,
    -36786.095273501036,
    -36401.63476442962,
    -41965.75581014832,
    -45952.855559526855,
    -35201.71775803801,
    -39512.441259961925,
    -41982.80310711779,
    -40451.339646848035,
    -34182.70755492237,
    -35956.24672883596,
    -38948.57840871473,
    -40617.59899664254,
    -39192.6966672455,
    -40241.17660895683,
    -38393.43547007356,
    -42087.266505921216,
    -35944.83297907329,
    -34904.69025812636,
    -41148.201586633746,
    -37349.56067461717,
    -39343.78093393036,
    -35310.79123678668,
    -33652.174124820835,
    -44586.70571615056,
    -38445.197769686936,
    -41634.49088669389,
    -40866.12052159828,
    -39441.25729328503,
    -36443.17889213922,
    -38094.422338797725,
    -38068.49262555416,
    -37239.72392364229,
    -40783.92337587905,
    -37899.682556639025,
    -36055.07901309992,
    -40535.34076818725,
    -33308.61040785644,
    -39674.90099719623,
    -39168.74597001112,
    -39445.29657899993,
    -39231.37946604991,
    -38920.51968891502,
    -42687.53484840492,
    -40849.977809574135,
    -36769.64997922904,
    -34605.85353611795,
    -43641.41439635921,
    -43214.343640166764,
    -39446.1108116791,
    -35555.551943727805,
    -33893.71787721659,
    -33421.32495978587,
    -40203.680455855785,
    -42059.77097600435,
    -42625.912888487685,
    -33545.576613166966,
    -36248.960853053344,
    -40557.8322845174,
    -39076.92423365943,
    -40593.38341792344,
    -41534.24679824282,
    -41230.09098921777,
    -41747.81153023939,
    -41614.41867050569,
    -37123.94715861457,
    -39522.40291776119,
    -37964.52689065489,
    -39115.47986987255,
    -35763.313691192736,
    -40137.154122222695,
    -40810.135496655166,
    -37132.30890619659,
    -36324.08485455782,
    -39657.82277791553,
    -38197.56142387631,
    -42390.83353893587,
    -43992.94329358666,
    -41318.12143074365,
    -37103.1570255383,
    -35929.46080290775,
    -41023.511834625184,
    -33575.596805494104,
    -36670.88082951226,
    -41334.02505892425,
    -40566.87958056815,
    -38730.34251344577,
    -41925.75267612196,
    -40249.7330451451,
    -35240.58052286674,
    -37075.36331261028,
    -37848.069959395834,
    -35621.64460212818,
    -36464.343785860336,
    -38119.050049303165,
    -40345.47719632506,
    -41525.96667566491,
    -36767.088744352804,
    -37924.95077054829,
    -43231.98239642944,
    -40912.88334881979,
    -35846.54291531499,
    -42367.62064522834,
    -40920.944439475,
    -35208.00364497325,
    -38734.52421826514,
    -37455.35168318225,
    -34776.65700280492,
    -40896.31639234854,
    -37400.11295059738,
    -40876.215345834644,
    -36582.36395826655,
    -39937.886105196885,
    -37611.737207959784,
    -35977.26738321456,
    -42217.51615329803,
    -34910.591685930194,
    -35089.50257314994,
    -39929.368568260026,
    -34852.619365613355,
    -40711.84948495995,
    -42415.28047601634,
    -43157.49683063784,
    -38283.5018482399,
    -41895.43778803933,
    -40906.944621891766,
    -40524.59005375649,
    -36666.68019707115,
    -40696.9538649225,
    -38186.39112707113,
    -35961.92293717934,
    -40158.125329800016,
    -42200.01620589572,
    -38279.438319297544,
    -42128.91267115937,
    -35962.183194158075,
    -38699.28726113844,
    -42536.17959330092,
    -34524.376438649604,
    -36609.555850300094,
    -39910.13580374695,
    -37726.50568637505,
    -38036.81747869907,
    -40079.18394409413,
    -41143.1004356612,
    -40516.50423376814,
    -42852.96164912805,
    -37301.70722650526,
    -37724.372357504995,
    -39613.54387675783,
    -36856.80322401675,
    -41778.013841544715,
    -37291.07850381797
  ],
  "final_reward": -37291.07850381797,