{
  "actor_lr": 0.1,
  "critic_lr": 0.1,
  "stopping_episode": 632,
  "total_episodes": 733,
  "all_rewards": [
    -46190.54850593946,
    -44706.947229562335,
    -47708.0531566684,
    -42129.50272598122,
    -46711.98535173081,
    -39899.87213694646,
    -41152.04038626594,
    -40503.94071551265,
    -38958.277848878126,
    -46058.580921591194,
    -43278.67380106838,
    -43323.77670166561,
    -39600.502729309774,
    -47940.1649053875,
    -47116.29626199915,
    -50013.375848548254,
    -48024.991294025436,
    -43439.95165053579,
    -46317.17983047376,
    -48436.8281714323,
    -43438.78843458446,
    -44799.108108414715,
    -36228.5122474432,
    -48300.772029786705,
    -46618.864363303466,
    -56301.33266213666,
    -52851.32932513291,
    -50679.753853549584,
    -38829.43621035954,
    -47481.64086648552,
    -45161.167489532745,
    -45472.81712658757,
    -47898.51138870549,
    -46403.83695426921,
    -48032.4591113128,
    -49779.09760347826,
    -40934.2887910617,
    -46173.743746548804,
    -43728.26662075787,
    -42609.335000265724,
    -46844.613199125975,
    -41065.41317509203,
    -44546.27755450406,
    -41266.928024010616,
    -42730.21660552126,
    -51332.48583939671,
    -45605.041734191196,
    -38747.96801942041,
    -41957.27056515374,
    -43481.52259057227,
    -45062.89774483934,
    -42776.63578487378,
    -44777.92791377899,
    -43239.019099568,
    -44921.58561756767,
    -47395.72982240612,
    -46580.7063842142,
    -43275.721688493846,
    -46046.01885274228,
    -53124.61405909834,
    -46777.47584865015,
    -49871.354441632444,
    -50221.17675329925,
    -49592.31224367331,
    -41557.89485074559,
    -44729.08158526221,
    -39933.132191909455,
    -37612.438990278875,
    -47990.589137830524,
    -42693.256445021194,
    -56217.21831759956,
    -45039.52163592206,
    -49111.99541109598,
    -43989.815316542394,
    -50105.93544675315,
    -47307.760110779476,
    -47433.38167696612,
    -42159.59904006771,
    -42257.07659982814,
    -51734.378272928676,
    -50340.54165786415,
    -40798.03663674849,
    -46109.67358218905,
    -47654.69325485118,
    -44005.902293590385,
    -44720.854471498766,
    -41044.02315988749,
    -39851.88055532176,
    -49903.33663615988,
    -45078.12462862167,
    -41406.39040079374,
    -42622.35584908818,
    -49819.13706711322,
    -45388.009010665344,
    -43130.64630083076,
    -48498.21307378708,
    -41987.53792705427,
    -42428.71184950274,
    -41327.42474982633,
    -52490.575093472085,
    -43513.929393501196,
    -40198.26606728924,
    -45044.86154096347,
    -43461.64757672497,
    -49196.93666936341,
    -40604.42445646685,
    -47076.70766359735,
    -47332.3997636164,
    -46995.154284228935,
    -50980.35001086792,
    -46256.98372917309,
    -46198.385241619966,
    -45192.568622001236,
    -41011.014722155785,
    -42481.844088363265,
    -42444.37097774054,
    -45173.61836547928,
    -46579.080554523156,
    -41095.46803665138,
    -44352.983385822445,
    -40522.06560700047,
    -35642.50865360751,
    -41585.9550007083,
    -44601.00977128296,
    -39838.85074678718,
    -41843.483250939775,
    -37125.71948026462,
    -37620.9793607533,
    -45757.603341324415,
    -43789.28880051412,
    -38015.97954066416,
    -44213.65602092653,
    -39465.93389602202,
    -41593.78850204132,
    -37378.86425990238,
    -45192.8231064884,
    -37121.02802637864,
    -40021.33982975412,
    -42496.24543484977,
    -41524.038757500486,
    -39014.28979840883,
    -43538.02318939233,
    -38114.242361294375,
    -38430.129106204,
    -40669.02483643036,
    -43337.684017292115,
    -37810.21468794712,
    -39758.47316334443,
    -39088.08936598274,
    -40121.58356273339,
    -36362.77959936654,
    -36363.03828841414,
    -38441.2988177812,
    -44000.76023762388,
    -38262.85825785277,
    -40062.97226199467,
    -36124.575614340705,
    -42028.37371764909,
    -39458.745783654886,
    -39193.1538923297,
    -39709.06888248614,
    -39757.15530740449,
    -43728.146437714706,
    -39374.51827316864,
    -35213.889182041894,
    -39834.40211963875,
    -42519.92312203352,
    -41200.744919985365,
    -42981.69508321523,
    -33593.47325600483,
    -43217.47963561367,
    -33914.72682143996,
    -38643.48645186226,
    -38373.16324741236,
    -39562.361591437635,
    -35624.472656942104,
    -40904.01532467555,
    -38981.29229761325,
    -36375.645922707496,
    -36275.63346422846,
    -32369.00785476391,
    -42718.36037311507,
    -41130.4915295186,
    -37099.929466509646,
    -41494.415884772236,
    -35993.40404645803,
    -37023.33895071186,
    -38911.65561047141,
    -37157.451247983365,
    -36478.085177528774,
    -36295.291462504,
    -43193.538814452535,
    -40524.741532131084,
    -33938.77704357973,
    -37767.53879635835,
    -42006.86877014183,
    -39923.38870433679,
    -36153.87473994217,
    -42706.72267735937,
    -40501.04199221876,
    -36136.6186841612,
    -38501.19268999157,
    -37081.310964462,
    -33597.937251693926,
    -31787.27985174671,
    -41180.59614351995,
    -35082.21112075336,
    -37757.372514424875,
    -34374.25920365993,
    -33983.67690161992,
    -37352.77597489075,
    -36583.916977876775,
    -37851.6429191586,
    -30251.83070827768,
    -36984.112991788665,
    -37130.68266668179,
    -35542.272610401764,
    -37133.65705237397,
    -35509.54438473881,
    -36437.80709791607,
    -36204.66822059999,
    -37140.933620044394,
    -35960.69013138186,
    -32129.476897474142,
    -35763.868948856274,
    -35649.055383327504,
    -36739.29462592797,
    -41270.75220299948,
    -35824.9740892724,
    -36974.355354648724,
    -35707.970477797564,
    -37057.69782677387,
    -33646.837915889264,
    -35606.85552379174,
    -38315.38251781389,
    -35355.03012365885,
    -36853.84819793771,
    -38382.651133398154,
    -41340.23281666874,
    -38142.258817064765,
    -34468.78872102931,
    -36592.245593373285,
    -32627.856581278287,
    -33859.95110717722,
    -38968.82734288242,
    -34200.29050427851,
    -41897.22448464097,
    -40591.997107573974,
    -33423.36513649108,
    -33136.242865786066,
    -33681.54720619824,
    -33568.484734888654,
    -29458.637634967272,
    -34034.560736500156,
    -31075.039220996474,
    -31587.112848893205,
    -34731.25151388196,
    -27161.65957839927,
    -36656.20309659397,
    -29826.682083497315,
    -31654.713588451006,
    -32629.71852190767,
    -33953.579118781134,
    -34549.21124081805,
    -28268.38617457613,
    -37229.3762422493,
    -28992.427847566898,
    -32974.89541473692,
    -33029.55034389122,
    -33145.2877782054,
    -33935.46785671786,
    -26412.295803537905,
    -29519.721025399038,
    -36790.62347074097,
    -33472.95673391803,
    -31263.0592893065,
    -31860.385226154776,
    -29417.583390924443,
    -28815.1043657604,
    -34922.27355538423,
    -31755.98062847225,
    -30668.520368523383,
    -32505.69921991373,
    -34517.36909635735,
    -34663.18729635192,
    -33818.75385269397,
    -31986.611974793326,
    -36386.82881565005,
    -33475.32896543643,
    -30098.438096683254,
    -35965.93758631736,
    -35815.314170368336,
    -31776.93287029364,
    -31538.059432951704,
    -31791.970510688032,
    -28599.586085575185,
    -30515.129156273935,
    -29224.74149874337,
    -33719.968743954836,
    -35786.812514667734,
    -33547.54755859203,
    -29109.15707566141,
    -34036.55348327971,
    -35703.50188333591,
    -32600.904072183675,
    -30700.80280325863,
    -30098.417836697336,
    -32063.313039178618,
    -36055.23178331127,
    -31856.30470899071,
    -34000.62873023007,
    -33805.80019698173,
    -36363.84617147261,
    -33454.355709750096,
    -31766.359283812137,
    -32222.629728479616,
    -31031.252195740686,
    -31526.397247880996,
    -33250.19220268729,
    -33894.75270277398,
    -28739.915681880084,
    -31767.9290390167,
    -32923.292750910456,
    -35188.02616900845,
    -31182.271451358476,
