{
  "actor_lr": 0.1,
  "critic_lr": 0.01,
  "stopping_episode": 194,
  "total_episodes": 295,
  "all_rewards": [
    -49065.68071934201,
    -48114.951766167804,
    -43662.18220118862,
    -38584.75394886624,
    -35398.98028614373,
    -40997.60857672085,
    -40098.05329163864,
    -47422.12109360323,
    -39595.29571844246,
    -36722.08530975983,
    -36458.08461055806,
    -41677.89570073846,
    -37604.84322287062,
    -35758.79581013431,
    -38583.978188133384,
    -36464.115033321104,
    -37304.47082607104,
    -38373.00110216129,
    -40888.749716183454,
    -43136.75979224988,
    -45832.87575515104,
    -39861.491242543205,
    -42127.543124264244,
    -39036.38664825808,
    -36634.95025858577,
    -34545.397407988756,
    -38075.426386183375,
    -39834.04186556623,
    -42619.477464577074,
    -35374.20954266485,
    -37804.84714388598,
    -46453.118449995076,
    -45270.24454175138,
    -36277.26109653827,
    -34715.29937134357,
    -41205.03873371829,
    -38847.532817405925,
    -39330.90873798849,
    -38990.90432180454,
    -41281.61367736332,
    -42059.35071988279,
    -41588.77240466734,
    -40963.60010325661,
    -38864.106846715236,
    -48348.131838799236,
    -40048.8630359966,
    -34696.06089763863,
    -36715.62082093982,
    -41690.553864523485,
    -41970.645380763286,
    -37804.00739542803,
    -43729.795635548915,
    -35622.02097557935,
    -49208.59582781027,
    -37809.43923417054,
    -41764.04683903056,
    -33499.60763014502,
    -46393.7684937473,
    -36720.82628967951,
    -36389.21886682187,
    -36344.66175218218,
    -42418.620695003134,
    -40151.97573163427,
    -38346.08066463601,
    -39621.20715323322,
    -39913.82100042959,
    -41320.202754169135,
    -42895.07842077666,
    -42771.97968603571,
    -40540.56170544054,
    -31974.467970832982,
    -43877.879898735635,
    -34802.977311270835,
    -42376.71761385459,
    -39535.498166343634,
    -35834.18956852345,
    -33812.761244855596,
    -45329.721968481885,
    -41279.68899710662,
    -40368.33480112804,
    -40307.439445938566,
    -35482.999375291925,
    -38730.6765316226,
    -40927.02895781675,
    -42972.425341816095,
    -36795.56069667036,
    -39709.06237579191,
    -38970.22009658767,
    -34461.19206220125,
    -40227.391079207606,
    -35458.63561748895,
    -33774.3435149639,
    -39914.21941238557,
    -44158.38585858641,
    -35981.10991657594,
    -38718.451039652275,
    -37692.227114822934,
    -33962.525920395536,
    -34581.503907108214,
    -36540.45137517769,
    -42712.39878738731,
    -35545.32026041311,
    -38131.10490461135,
    -41535.042209672145,
    -37868.99611205493,
    -38576.002278742984,
    -39719.34437774514,
    -41751.38677107471,
    -43045.531405981914,
    -37801.776801961496,
    -43405.48906937572,
    -39358.797721108596,
    -36215.639949756616,
    -38484.19839238752,
    -39450.44956668297,
    -42758.92984775893,
    -37344.32987831332,
    -38425.478415957994,
    -33773.24228151319,
    -40683.96026934576,
    -44184.69193909588,
    -39880.39581933853,
    -43580.63287992248,
    -37067.944450432005,
    -41905.36140239376,
    -41024.5993338369,
    -40840.412565338826,
    -35225.85574263848,
    -41241.19296575677,
    -36336.194915000175,
    -36462.88221288465,
    -38957.788026352195,
    -36802.193979873875,
    -38195.70046275755,
    -39482.12977344415,
    -38410.63270487097,
    -39169.831934591886,
    -36325.67442776814,
    -41135.54293743443,
    -39566.668004706866,
    -37546.902614113766,
    -39963.0552087062,
    -38925.58944664182,
    -39273.43401405909,
    -38925.89293492607,
    -40015.577322845114,
    -41127.89079039647,
    -37986.76971644744,
    -43811.78084455565,
    -42840.85075835739,
    -36629.57075627697,
    -39316.311854338055,
    -44760.82765645798,
    -42326.75507699142,
    -43113.89920558645,
    -36087.821468032365,
    -42330.51204069519,
    -37406.09977624878,
    -40735.68279950651,
    -38476.209507335196,
    -44415.78445518633,
    -36219.0083137264,
    -40528.73321546274,
    -39330.86093695997,
    -38385.029386887574,
    -39065.64116804752,
    -43228.43854091303,
    -36860.87617920252,
    -41924.819062660375,
    -40446.51936200936,
    -36428.82314590771,
    -38071.49167945403,
    -32444.725799263237,
    -33568.13394475158,
    -39059.41757764224,
    -39981.292633361794,
    -37758.19880716246,
    -40902.687854313655,
    -37514.32780668062,
    -40157.07350642124,
    -35785.73244647544,
    -42979.47613383937,
    -41436.396109079826,
    -44932.67146691464,
    -38781.854244875714,
    -37555.41572754157,
    -37517.16714043786,
    -36837.874588303464,
    -33408.98490619153,
    -45995.475715144916,
    -40505.61834403948,
    -37187.332904962976,
    -39269.92712510042,
    -40843.75466942202,
    -40725.909092751055,
    -40872.03003604941,
    -38917.12514087348,
    -38185.94217091354,
    -40962.419729425426,
    -40482.34959468066,
    -36966.92337133364,
    -36967.03402111581,
    -35332.94892757815,
    -37708.58517849305,
    -38113.67491167363,
    -42115.324778637594,
    -41379.52721737753,
    -38979.39536542041,
    -39107.88415683787,
    -32187.0720037915,
    -36809.17742324629,
    -42532.96656706855,
    -37071.47198873481,
    -35198.88009136932,
    -33888.40731380205,
    -36306.54030308526,
    -37878.605565912265,
    -32747.183217323218,
    -38848.34091148927,
    -36279.67239567127,
    -39524.95649519558,
    -35491.53267687693,
    -42783.07369110023,
    -44886.07557435202,
    -38353.04563361171,
    -37173.486583809085,
    -37055.65677803851,
    -40583.42170964826,
    -36851.08061256571,
    -37265.49173341255,
    -39996.68117489842,
    -38787.56836574128,
    -39705.26370576776,
    -35598.22844180646,
    -39710.11970427665,
    -44988.093836731525,
    -39641.53347318029,
    -42498.72604841024,
    -38788.155933255366,
    -42843.16465405168,
    -36021.377446842685,
    -36873.01464777935,
    -33644.77109888514,
    -37623.17449443768,
    -36792.56530329442,
    -38104.833695271496,
    -40291.04700455154,
    -36939.515763655494,
    -36440.04690464417,
    -40318.60506374331,
    -38369.36412443916,
    -40297.31357890746,
    -37838.22580820782,
    -40335.7305136387,
    -42269.10826336444,
    -39088.443180086535,
    -38957.74023211885,
    -41283.29613285801,
    -40459.4404230936,
    -39241.539446434246,
    -35592.72195502529,
    -35354.60851393995,
    -40521.69708555091,
    -38799.233400510595,
    -35886.32927696172,
    -29710.752854344257,
    -43771.966800852635,
    -41804.707289591795,
    -37277.52664871998,
    -36338.75099474628,
    -37375.036360734186,
    -37828.50364384295,
    -37088.808444395356,
    -33394.42340697429,
    -40416.51734657087,
    -35789.62544852779,
    -41144.951346846115,
    -31730.865115014793,
    -37193.01626465011,
    -39216.21066908426,
    -34857.90060915811,
    -36118.175798613505,
    -41325.52770748562,
    -33611.48042992609,
    -39177.640848156756,
    -38560.22134030995,
    -34281.99212747236,
    -40375.56298895074,
    -39998.45794510875,
    -43327.38140663024,
    -40456.05345829135,
    -37215.40197251952,
    -43524.948285759674,
    -43350.52847473587,
    -40420.70754729372
  ],
  "final_reward": -40420.70754729372,
  "per_actor_stopped": [
    161,
    163,
    193,
    172,
    177,
    173,
    172,
    176,
    167,
    161,
    163,
    170,
    178,
    161,
    161,
    166,
    173,
    161,
    168,
    192,
    166,
    194,
    161,
    181,
    164,
    164,
    161,
    161,
    181,
    186,
    162,
    161,
    164,
    161,
    161,
    161,
    162,
    171,
    179,
    172,
    180,
    161,
    163,
    179,
    171,
    161,
    172,
    164,
    193,
    161
  ]
}