{
  "actor_lr": 0.1,
  "critic_lr": 0.01,
  "max_grad_norm": 1.0,
  "stopping_episode": 197,
  "total_episodes": 298,
  "all_rewards": [
    -64401.657034232485,
    -64308.09071299217,
    -59438.926777766894,
    -61157.226930838275,
    -60419.02512881458,
    -51044.41034068641,
    -57966.553674306924,
    -57159.61928920367,
    -58163.50664080088,
    -52630.09635228616,
    -57087.87018878623,
    -56085.786764804,
    -56999.761001340616,
    -62754.370870048966,
    -54851.30271000518,
    -57253.625240773006,
    -51646.365458287764,
    -57490.44391586515,
    -64120.0160000596,
    -55619.2447728712,
    -59885.46407673977,
    -56080.675649175944,
    -55712.42390548391,
    -65630.06780774436,
    -55316.49591043732,
    -54791.6250866938,
    -57896.11829664182,
    -62492.134559221995,
    -65089.135690835115,
    -57331.78455728799,
    -57113.55449205774,
    -55688.44130150646,
    -57390.33510255546,
    -61212.03264595737,
    -53025.60269986549,
    -54850.53725494467,
    -55684.92589734961,
    -52533.41541842792,
    -56946.939888027286,
    -55100.17660442703,
    -56574.651441714115,
    -58505.21198603264,
    -56132.70425880851,
    -65340.819523434024,
    -51574.33550637448,
    -58476.10062036214,
    -52175.35262237413,
    -58198.94355907024,
    -56442.240803520515,
    -55345.85508476819,
    -56080.38512007048,
    -51040.17759330549,
    -62363.05562431031,
    -66225.56393185268,
    -60530.865608579836,
    -65888.47147086593,
    -56977.371236837855,
    -55797.40544608053,
    -63229.35849254191,
    -57893.71768473794,
    -60193.63926295457,
    -50002.04486344625,
    -62876.6825676922,
    -59351.615307220825,
    -58793.34679551754,
    -65789.36008830338,
    -55628.589546648705,
    -57590.178145897895,
    -59647.0200197845,
    -57882.51989190073,
    -59553.29759868711,
    -61441.43898922388,
    -58765.2575619192,
    -59023.90149371252,
    -62915.256830138045,
    -60504.68190178299,
    -57507.270262668855,
    -56203.315420286264,
    -58239.90878860426,
    -61127.886182704344,
    -62166.834270356194,
    -56836.96529150575,
    -55003.97465390413,
    -56218.153396331894,
    -55665.916086392375,
    -62775.48124555526,
    -57296.97150090399,
    -60327.73885624434,
    -58223.525840911796,
    -58065.23286802061,
    -64329.50938860707,
    -57597.44623844612,
    -62455.554023303506,
    -57476.25380312787,
    -51690.12883855691,
    -55832.2184724475,
    -66341.30435978223,
    -50630.970538638125,
    -50712.43834044739,
    -51954.02841693664,
    -63280.01248149335,
    -52904.66178741101,
    -58118.09862672669,
    -55655.59416961818,
    -50709.6405691686,
    -53756.941426862046,
    -60427.16379070556,
    -55501.93994693091,
    -55840.95379366021,
    -56601.5012466368,
    -51921.66703690599,
    -57665.247156910875,
    -57883.51025518698,
    -53816.661118827666,
    -61813.592063247896,
    -57780.25571391365,
    -60248.07233377591,
    -57618.61859010869,
    -55998.143450602845,
    -58489.46676425274,
    -57229.227076047275,
    -66133.47137122444,
    -57176.89578177406,
    -47734.49722871504,
    -60071.50828465114,
    -54246.971237315105,
    -59295.64433968458,
    -59833.46698413786,
    -63173.50164142926,
    -59671.328458701784,
    -56628.10361006932,
    -63122.00610166144,
    -53470.39624516684,
    -55611.4031073401,
    -57349.31698081506,
    -54435.12275872827,
    -57280.7726100386,
    -53909.72885549817,
    -47834.55192952943,
    -62650.78244055719,
    -58137.33801165389,
    -61966.51035466494,
    -57144.029959704436,
    -62167.03519698534,
    -53967.04300254297,
    -60272.25423271181,
    -52770.30503981809,
    -58330.51047488951,
    -62024.74912688222,
    -49431.2193967775,
    -59176.02112840936,
    -58973.67585589996,
    -54305.501346633144,
    -66174.99202260375,
    -56648.08618534464,
    -62396.28658201783,
    -64768.24437044474,
    -61027.82223221181,
    -59126.653220471264,
    -55772.19730852253,
    -60668.70983479786,
    -52590.80622253824,
    -62362.772930804545,
    -59858.57268918239,
    -58610.519537171946,
    -57068.8950210322,
    -61180.278183372706,
    -51103.55420695286,
    -55762.57130848132,
    -55940.470149828616,
    -54406.20115742398,
    -55165.21671032373,
    -57291.44813198146,
    -64510.36916046357,
    -59648.493208807544,
    -62678.67278973873,
    -57769.178777273344,
    -56942.773943675376,
    -63120.43432738258,
    -53834.26365618117,
    -59845.42065042839,
    -56623.36028111742,
    -55299.249367465745,
    -59652.76993099894,
    -60211.40570105678,
    -57135.005133901206,
    -58149.82326799063,
    -55695.08115664926,
    -58494.408513498245,
    -61489.16036757189,
    -61574.355757019366,
    -59326.62010462112,
    -61184.686751517285,
    -54888.95495740062,
    -54949.9468718862,
    -59450.99729807956,
    -57161.27081871458,
    -59908.019231249884,
    -58315.841504385055,
    -60143.98410913673,
    -56197.709575773595,
    -59657.05134446465,
    -63098.25890259052,
    -56768.360272429156,
    -61034.183098055626,
    -60018.90556747707,
    -53927.18441589101,
    -51936.97069000036,
    -58163.95758548667,
    -55839.29339507084,
    -61667.73987199475,
    -62561.893627022044,
    -59277.337129099345,
    -53197.61949097423,
    -58985.60190114591,
    -57332.20555732301,
    -54336.32203082363,
    -59303.69313467741,
    -59190.31104228724,
    -55352.82182816394,
    -58675.14231460624,
    -54709.400793382636,
    -55641.47130003033,
    -63575.13859422953,
    -61806.0741803657,
    -59997.981875106285,
    -56278.10521677248,
    -58521.31626454761,
    -59173.2017449008,
    -61929.74191422798,
    -51522.347869621866,
    -55056.74106709364,
    -63290.62481801219,
    -61892.644277946594,
    -55736.146281001435,
    -54274.43824596806,
    -58452.61370417374,
    -56167.12189810274,
    -61917.08671975978,
    -52589.58131719571,
    -54773.06777220769,
    -55391.7577402645,
    -56127.62066518045,
    -59931.4761537716,
    -58991.29374633329,
    -68254.94260840713,
    -55314.78820924207,
    -58499.090639861075,
    -52209.908428365175,
    -55082.36880020409,
    -61578.77490953589,
    -57713.47723967944,
    -59296.140357088894,
    -60925.911977301825,
    -55042.34338483734,
    -58184.08866838814,
    -58713.634793118734,
    -67157.50010083047,
    -48707.753912112516,
    -60070.977375296134,
    -57391.399863394196,
    -58386.29764315666,
    -59026.435597888005,
    -59167.0166928788,
    -63228.06841923876,
    -54658.04892462961,
    -52070.5568742379,
    -50175.56853161429,
    -61223.61825834979,
    -54730.8305161664,
    -57034.608527892626,
    -61271.60873945753,
    -57863.80038340747,
    -57327.75557398407,
    -51182.07974883623,
    -60349.352283276385,
    -50479.460620146536,
    -60557.77343419157,
    -53150.1741110411,
    -59975.34762378778,
    -54759.17530555315,
    -64196.38704795943,
    -60781.44513015378,
    -51614.79882808098,
    -57370.1100708841,
    -56951.63780075251,
    -57067.43218587172,
    -61268.26792935908,
    -63852.33593134617,
    -60983.792758590615,
    -59526.7739017537,
    -57300.69051713442,
    -62260.171217382194,
    -55770.13256080108,
    -58955.82672228631,
    -56520.27353506112,
    -55257.053574050275,
    -58111.93970505593
  ],
  "final_reward": -58111.93970505593,
  "per_actor_stopped": [
    187,
    192,
    161,
    161,
    161,
    161,
    161,
    197,
    167,
    161,
    163,
    177,
    161,
    161,
    161,
    190,
    196,
    161,
    179,
    183,
    161,
    161,
    161,
    2,
    162,
    161,
    177,
    162,
    173,
    161,
    161,
    183,
    161,
    161,
    186,
    161,
    161,
    161,
    161,
    2,
    187,
    169,
    161,
    192,
    161,
    161,
    166,
    181,
    161,
    177
  ]
}