{
  "actor_lr": 0.01,
  "critic_lr": 0.1,
  "stopping_episode": 253,
  "total_episodes": 354,
  "all_rewards": [
    -45484.38920577434,
    -42704.850014124684,
    -32700.325275789786,
    -31834.147819698155,
    -36576.6583135906,
    -32882.90455243307,
    -37324.13429655585,
    -31103.17072483183,
    -37955.642695005154,
    -36754.09331729552,
    -30148.28974629351,
    -35082.79476114541,
    -36098.88505887079,
    -32258.302033379936,
    -34332.750161778225,
    -33387.459908948156,
    -35291.75122149535,
    -33877.177178102414,
    -31966.977671662953,
    -31784.89128458462,
    -29050.080908524964,
    -38183.32044944701,
    -35859.11176556335,
    -32970.65454879328,
    -35635.936152449074,
    -34336.11187301413,
    -30597.01952490058,
    -33783.468444495855,
    -35630.247842856785,
    -29495.925172810807,
    -33552.88384271346,
    -35587.009918109856,
    -32409.5964360437,
    -34403.63430732865,
    -29123.979783818686,
    -31727.652307376058,
    -35021.915575114625,
    -31285.366867940407,
    -31322.509482636953,
    -33793.52951422331,
    -34780.84572084305,
    -34741.337625317865,
    -32001.702733029015,
    -35631.34424464724,
    -34980.09713227801,
    -34935.56059466815,
    -37758.14981115393,
    -36035.77284378667,
    -31166.642122143745,
    -35680.46119825316,
    -37251.70694590962,
    -34508.72690230408,
    -31976.256514414647,
    -29685.03441204971,
    -35838.29727206773,
    -35907.2636806033,
    -32296.970623106452,
    -34477.12242403044,
    -32202.230314254663,
    -28767.93740272414,
    -32389.565459123834,
    -35135.86601841695,
    -30778.83617826757,
    -31587.7569764794,
    -35839.20516074699,
    -34606.3595335453,
    -33811.616917688494,
    -29646.039757456863,
    -30181.716727631338,
    -35988.13846901441,
    -34455.44252221669,
    -32517.270834151703,
    -31083.65352924772,
    -37295.29453610234,
    -30508.48858671164,
    -30997.1698520521,
    -34480.57855646368,
    -32801.317278369715,
    -31876.690811813532,
    -33658.770919931776,
    -30795.3166994865,
    -37795.33859509057,
    -32902.19695886245,
    -31782.414383363684,
    -33396.52659388792,
    -32645.76660268303,
    -34023.797037160715,
    -36189.62007245598,
    -31515.989196650262,
    -31652.716044299705,
    -34029.209921678295,
    -32442.053937528985,
    -31330.4015099657,
    -38065.92911466002,
    -31220.782525027003,
    -32930.93409378553,
    -34082.8552305874,
    -35227.71694932384,
    -30265.420391253327,
    -34628.68070573508,
    -36238.1407918369,
    -33891.446006664795,
    -34986.450527967994,
    -30564.33830379197,
    -31364.93140097404,
    -38433.90904880191,
    -30009.90975388477,
    -29903.739153971605,
    -29392.535310033414,
    -35537.25660122873,
    -37024.513905187676,
    -37890.898680659004,
    -36107.701195957205,
    -31673.804538561606,
    -33831.92050957889,
    -32480.061885076255,
    -34954.50499321197,
    -29075.78158427407,
    -36988.830348734555,
    -34713.32501337133,
    -32193.174524917184,
    -36629.15975092548,
    -29652.827379663762,
    -30916.04455680214,
    -33425.56155409634,
    -35786.027280491435,
    -35539.265452528125,
    -29618.688218655814,
    -34992.56003028868,
    -33598.25807178695,
    -32337.9024974236,
    -26016.91719193336,
    -32836.73858601843,
    -38264.55829601015,
    -33472.605214977266,
    -38268.2179823569,
    -36922.11407419823,
    -32710.64352896237,
    -31498.573454139805,
    -32679.12101969283,
    -30618.929088040026,
    -30519.93555470422,
    -29892.419810732194,
    -39339.17668206204,
    -31266.86294633612,
    -31645.4377009282,
    -33360.393219561505,
    -29965.669494978007,
    -35705.24891718917,
    -37315.58190335076,
    -32729.851995513724,
    -33132.943617711644,
    -29970.114915882004,
    -33131.76804227372,
    -32622.848125833018,
    -32134.869624378105,
    -33709.85925300298,
    -30103.99004965377,
    -34682.20705183507,
    -28875.535361453847,
    -38938.21928011144,
    -36767.85712859342,
    -38023.32135911836,
    -34148.74892384742,
    -33404.3655204881,
    -28828.263202226637,
    -35520.588860327545,
    -33806.00560040344,
    -28814.95123683188,
    -33581.86910069736,
    -35273.13277746226,
    -35589.762458309015,
    -35315.352386663464,
    -32796.474916425854,
    -31800.477632858572,
    -32805.23440618003,
    -36182.27738622521,
    -35570.400292492195,
    -32951.00007950034,
    -35476.59965743649,
    -36365.14627149271,
    -33694.16056248528,
    -31508.180207089856,
    -32243.90285493904,
    -34394.10437953003,
    -35203.727889822316,
    -29498.361178166633,
    -33065.712543317604,
    -32770.336078966204,
    -28080.136659852033,
    -33562.56925854673,
    -33356.157574691206,
    -31132.37560863093,
    -33435.03013672338,
    -29847.107557617754,
    -32989.307168845866,
    -31238.54306166267,
    -37503.60541335936,
    -33261.2861917073,
    -28822.25195984098,
    -34710.8324356967,
    -38896.53990227011,
    -31194.032268016857,
    -31903.108384615873,
    -30204.391263195925,
    -31467.36095328346,
    -30394.986243182015,
    -34624.092566666695,
    -32390.030111540815,
    -31764.72989648905,
    -33552.956649601656,
    -34999.25334258947,
    -31997.28547545332,
    -28812.286208475034,
    -29495.351481563812,
    -33619.94945980692,
    -31526.1142056668,
    -33320.98955600379,
    -36514.27406558386,
    -37083.59427791435,
    -32405.761056765623,
    -34355.665884134374,
    -34277.88472579922,
    -36381.02248950179,
    -31962.895953655778,
    -32442.816967891526,
    -31373.42510237002,
    -37576.98975091191,
    -37072.089956182404,
    -34942.41003348827,
    -31244.911673685136,
    -29998.044798992254,
    -32602.48681351791,
    -34644.67823895838,
    -33246.0662782757,
    -29694.255246626017,
    -33060.89503864826,
    -36532.09916879903,
    -31837.776702203868,
    -33865.20801683515,
    -32772.88507803533,
    -31893.288123698803,
    -33809.15350496843,
    -32859.79799722364,
    -35849.727589684655,
    -31192.786345410044,
    -31388.762298201793,
    -28667.207311437945,
    -30361.289055736997,
    -33608.92506983059,
    -32747.656330102298,
    -30354.154420599334,
    -35006.72258968993,
    -32935.04883399441,
    -39402.36553144974,
    -38770.02272828641,
    -33753.82524229163,
    -32939.7991007436,
    -28768.634943148183,
    -35084.27630097158,
    -30917.406520160253,
    -36247.64587904002,
    -32177.625472671873,
    -31953.163016110688,
    -34178.61275022763,
    -27249.171481269455,
    -35455.13861869105,
    -33958.843173043875,
    -32955.80124284267,
    -32091.475264159264,
    -30971.14122143456,
    -31899.91044027095,
    -32902.75123341456,
    -33094.04329735485,
    -32782.67517501455,
    -34147.39235842209,
    -33433.53488587109,
    -28973.17520136439,
    -37590.37085982209,
    -33513.32563905752,
    -38584.18178896199,
    -30613.943380070064,
    -33150.649639068666,
    -32131.725305790285,
    -31947.889591778192,
    -31934.855270692828,
    -30941.196218412482,
    -31739.698882927234,
    -32781.033602161144,
    -36138.162608992934,
    -32887.983307329676,
    -32820.66459538071,
    -33438.56843111156,
    -35351.15276206703,
    -31718.620322197716,
    -30442.08377727103,
    -25534.409724492132,
    -33408.377997794814,
    -32821.36136207643,
    -30230.143475664816,
    -32697.992552115527,
    -30587.01382899122,
    -31877.238138057877,
    -33078.80334344807,
    -30003.2545002187,
    -32086.607337390727,
    -30991.266203721967,
    -30820.399929509105,
    -37190.21481906322,
    -30041.39751533128,
    -30106.964417931526,
    -33411.4394092532,
    -36545.81194406354,
    -32805.26553878626,
    -34719.0270598014,
    -33792.798966795126,
    -38666.30081112647,
    -30541.01395946846,
    -30367.62177078235,
    -35112.953583398004,
    -33506.760553749235,
    -30209.744169752357,
    -32110.709285323126,
