{
  "actor_lr": 0.01,
  "critic_lr": 0.01,
  "stopping_episode": 307,
  "total_episodes": 408,
  "all_rewards": [
    -44060.27966305829,
    -48895.33330700132,
    -53416.41549711416,
    -48786.42001074384,
    -52791.48346685372,
    -48769.975182890164,
    -52353.142860317224,
    -47357.22551541046,
    -53838.23821499271,
    -53874.82670837021,
    -52070.147305608625,
    -54774.81404520838,
    -50369.04391249181,
    -48758.885548402155,
    -46988.03216419383,
    -56413.51290733059,
    -45401.86679253141,
    -47554.09639587786,
    -50779.830636841936,
    -50182.1842663516,
    -44634.11477458829,
    -45894.8198261764,
    -51390.54264157924,
    -47111.96187561245,
    -48929.81826339853,
    -45870.09941192378,
    -55080.3369284832,
    -48556.965753605575,
    -52013.75873341733,
    -50602.49858250998,
    -47731.51721762198,
    -52076.711421812506,
    -50289.61663749192,
    -44223.57510791761,
    -44985.62193467499,
    -49868.53061459316,
    -45061.70978046918,
    -46861.59683968206,
    -44099.65890288577,
    -46654.5810498253,
    -52544.55975612265,
    -46326.91631280189,
    -46415.75091440555,
    -45205.048718012586,
    -47453.38549410457,
    -49430.41389151573,
    -52799.71727844366,
    -48536.06331288266,
    -54344.53613074213,
    -47306.41808803087,
    -46698.48894531273,
    -47281.952311280635,
    -41744.872561666074,
    -50698.38992345229,
    -53110.95977426466,
    -46973.07918142362,
    -44120.58151915329,
    -44385.37331677535,
    -43552.528907272404,
    -47672.080849295555,
    -48418.39006721867,
    -51694.17605013259,
    -44551.394239625915,
    -48578.79847679803,
    -52373.472023013615,
    -48109.57509116391,
    -49503.96052462587,
    -51264.681197881975,
    -47668.62502500441,
    -44601.02077104722,
    -48417.26810472841,
    -51434.41052788446,
    -47613.02568984151,
    -46110.774791164076,
    -57201.132256987665,
    -50340.104366421765,
    -50239.12107214532,
    -45766.64388804893,
    -48087.30697931429,
    -52163.086780861275,
    -43416.024693193576,
    -51353.3876452259,
    -45734.33241307878,
    -56990.78933139645,
    -46680.765439157134,
    -47511.15144368475,
    -44773.91682758651,
    -45452.575166461545,
    -52679.1892438121,
    -47932.75526255442,
    -47724.28896264274,
    -47153.10461625567,
    -43061.55966916266,
    -50640.17132087876,
    -46609.39831412828,
    -49903.52830068537,
    -49608.82767452053,
    -47120.66314551206,
    -49758.78582450519,
    -46253.6734726002,
    -50209.30704470982,
    -45467.74817667663,
    -49815.936919822365,
    -48634.48843212335,
    -50254.25675355874,
    -46098.31476692749,
    -49070.089351930794,
    -50950.68292463957,
    -45351.06588467379,
    -47049.4117511045,
    -46512.88950009469,
    -48471.69978369049,
    -51004.67395126848,
    -47072.62590209228,
    -51456.64131697148,
    -50349.276902834594,
    -46134.588688763906,
    -49780.56402901356,
    -50413.13891380661,
    -46936.930332775286,
    -50689.57104849709,
    -48151.19327566986,
    -46654.38476899598,
    -50715.56628243133,
    -49374.40656295693,
    -48077.73121329899,
    -43416.561071848686,
    -51944.25795128739,
    -47184.67996991545,
    -46996.824452587534,
    -48031.66582467236,
    -48280.71697445684,
    -47319.52634807815,
    -45699.11082942046,
    -42142.57376369382,
    -48516.745767379005,
    -54551.04864712681,
    -51660.057687620414,
    -52364.71543536623,
    -47545.05122326215,
    -46991.11775124701,
    -55988.57319069648,
    -45367.89780030811,
    -48105.46168598345,
    -48280.53483516911,
    -49223.44060320244,
    -48494.007166793606,
    -47736.64566385697,
    -52858.086780844504,
    -49844.47071636806,
    -51118.92234315154,
    -43791.212095813826,
    -46334.90432701403,
    -54607.5596437079,
    -47851.46856602293,
    -50131.62593283287,
    -47843.194753807766,
    -52327.87412472532,
    -49478.27229941242,
    -53237.48141923011,
    -48378.89139105356,
    -49901.93976320529,
    -50739.890810353514,
    -49472.455361364555,
    -44439.34313654188,
    -47986.88836430265,
    -44303.69847387897,
    -52981.93203310369,
    -50844.03582245438,
    -51254.36666925567,
    -48695.267427376166,
    -49066.29664250719,
    -44789.44953606958,
    -49262.28773088779,
    -52801.373650895526,
    -50874.78977438698,
    -47698.464732877546,
    -46657.1026074077,
    -47716.270007355386,
    -52658.303751772066,
    -49748.047065280814,
    -48207.12343099328,
    -52753.556299646894,
    -47445.63779685627,
    -47405.8403048726,
    -48218.05098042421,
    -48483.487656846664,
    -51773.77777308536,
    -50470.31679804371,
    -47694.25276517813,
    -42134.95354823744,
    -44138.45782104161,
    -54884.3444806575,
    -47357.885615947176,
    -52068.91054248959,
    -45611.93653762448,
    -51188.794277613684,
    -48600.77536143261,
    -45486.571128686104,
    -46718.64555493906,
    -49590.64661711265,
    -47007.104590650844,
    -51044.29761023196,
    -49954.47452303579,
    -53280.80412061974,
    -54494.09800696699,
    -50375.27683093139,
    -52983.31808603943,
    -49506.13190042015,
    -49039.252083036066,
    -50303.8726490064,
    -45109.7078709411,
    -46894.96365513966,
    -44695.85909311868,
    -47052.579566564804,
    -52703.55669050751,
    -50657.393699664506,
    -53488.41300917323,
    -50652.97347680407,
    -50456.79028471379,
    -49101.145052628504,
    -52982.62911580229,
    -46683.69632231679,
    -39846.6990027497,
    -44911.02849899203,
    -50476.20783581626,
    -53078.34734881284,
    -49158.28558997913,
    -49946.777630768665,
    -44326.273890830824,
    -47459.78142425491,
    -51487.50756921781,
    -56166.00516215079,
    -50022.41295520755,
    -48655.793287335706,
    -46769.9057938176,
    -48823.68386241686,
    -52451.64203702307,
    -49035.74803275689,
    -48514.77570039736,
    -53024.70668619797,
    -49858.77759765508,
    -52427.962585660665,
    -54378.34382963269,
    -52789.73041634139,
    -44062.00059008777,
    -54111.246244631206,
    -49808.52822904142,
    -47957.11506674489,
    -46145.77766167484,
    -48919.02038739555,
    -43712.28805024876,
    -48005.40985517872,
    -47365.906193109884,
    -51510.08991743982,
    -54674.86939777401,
    -51561.22720533729,
    -52400.78448915035,
    -51549.43701880982,
    -50751.998922485145,
    -49887.85299377111,
    -53427.65958265805,
    -53587.74967282785,
    -53608.92595142489,
    -53286.0907124577,
    -51654.84191442217,
    -47667.69933675929,
    -46063.515811034165,
    -50215.26058137564,
    -51023.262036042,
    -45019.018503042214,
    -46139.41012958242,
    -55335.160527073305,
    -54375.83876859234,
    -50617.59453167618,
    -42338.75259428962,
    -45718.770881415556,
    -48420.23436992816,
    -49311.41688326686,
    -48446.764470384885,
    -53321.35262738083,
    -46753.09747358728,
    -49178.8660117408,
    -49020.31781970494,
    -48439.38135055563,
    -54313.22682945186,
    -53540.012969292045,
    -48379.73799132196,
    -50377.46608963747,
    -50866.843717595904,
    -49050.79160217718,
    -52187.482958050685,
    -52630.261546473,
    -49431.83071274806,
    -49844.78981830517,
    -57049.67924508072,
    -49529.30291445907,
    -50584.55990483702,
    -51957.39241460844,
    -52488.74860881863,
    -47997.21090318798,
    -46769.02975810625,
    -50879.228469760106,
    -47902.01567128929,
    -53764.504351162024,
    -52542.04870303431,
    -48621.109865099286,
    -52928.858232255116,
    -51874.7746357089,
    -54155.51889677885,
    -52062.05577508612,
    -48664.551293995246,
    -44774.71109280542,
    -52062.004121333055,
    -37706.24869554885,
    -50656.21975496642,
    -51797.79722809494,
    -46216.52426662347,
    -48785.94348174156,
    -49963.7468043747,
    -46457.000722270015,
    -46179.57077882352,
    -49694.032084843464,
    -44404.55113791526,
    -48893.30737177981,
    -48016.77685094372,
