{
  "actor_lr": 0.001,
  "critic_lr": 0.1,
  "stopping_episode": 265,
  "total_episodes": 300,
  "all_rewards": [
    -42043.58892049461,
    -35785.57822875949,
    -38422.64350463761,
    -37490.903697867594,
    -43835.75783950347,
    -46646.69500361609,
    -41628.338657932385,
    -42319.97710326437,
    -41155.571491620074,
    -36572.74127372925,
    -36642.597525547884,
    -35755.359682309274,
    -40825.07212520423,
    -36421.97843507262,
    -44865.56686671974,
    -42800.03816146052,
    -37503.868476004245,
    -37662.95751331323,
    -37476.59204030999,
    -37944.91882932595,
    -36380.647904758625,
    -45652.3057742827,
    -43104.02928981607,
    -37553.098669922954,
    -36070.05042959805,
    -41590.31153584962,
    -36606.72386296943,
    -36228.33204535591,
    -38781.913540984075,
    -37151.1041460149,
    -33337.75536469746,
    -40885.37497081682,
    -44403.88406784873,
    -38290.53815276939,
    -44599.46624171106,
    -39245.720438324264,
    -45439.46126793875,
    -40030.52302796382,
    -35201.01633548402,
    -41835.62952825119,
    -37904.67256435353,
    -35386.614871359605,
    -40193.98180140654,
    -38870.86506119981,
    -41312.77807555537,
    -39876.23081714045,
    -40201.93627135973,
    -40675.650430788206,
    -44225.95218391444,
    -36717.10410538935,
    -32366.223300017784,
    -40208.607473848155,
    -36977.339541227666,
    -39321.11265430961,
    -41415.26285372049,
    -41413.53378738143,
    -39624.19343252691,
    -33835.83525110133,
    -40303.05373151342,
    -36753.1285520702,
    -38805.9473280839,
    -43791.013788064265,
    -42071.03653240035,
    -38635.50251761216,
    -33552.611662172196,
    -40979.19170799172,
    -35505.73543705644,
    -40034.89917788847,
    -45438.659457577596,
    -41072.89024510142,
    -36100.90868359938,
    -37839.25297368391,
    -42290.315090925775,
    -38807.800892187995,
    -39692.36439957997,
    -45846.24025350369,
    -35643.446193204225,
    -37944.00624184559,
    -34970.4661296664,
    -40174.37287741801,
    -39135.14254399951,
    -38863.52454097586,
    -35065.21730396424,
    -40540.75422602173,
    -37361.70607786416,
    -36761.179921755516,
    -39803.79484313856,
    -40298.9969689314,
    -35793.372036427754,
    -42894.9769762177,
    -40140.755877986136,
    -41984.78042512256,
    -35567.077401635914,
    -42502.880246487955,
    -41786.38755192749,
    -39377.01979988419,
    -41361.59578792988,
    -35802.45637370734,
    -37284.39531777351,
    -40443.95300242919,
    -35048.31549556808,
    -43460.91381817407,
    -41138.90770028228,
    -35938.14074450978,
    -40032.56799649919,
    -40557.31640556103,
    -43990.14517227539,
    -41963.92811250126,
    -37178.9134456542,
    -40787.48355462753,
    -39832.948990816425,
    -40160.718877564585,
    -37762.92794176811,
    -36020.731605425884,
    -37664.03978611661,
    -39611.50119430295,
    -41479.26582702807,
    -38836.823498637794,
    -38185.70413750879,
    -43097.18276690915,
    -33596.767460227595,
    -37117.32911288061,
    -41821.59721904089,
    -43938.29778398545,
    -37016.88459505867,
    -36264.18443367692,
    -38568.54909302812,
    -47031.90637340151,
    -37159.96444334699,
    -37205.72097903426,
    -38111.23108984218,
    -41874.875909085684,
    -39306.29122332093,
    -42081.86094710831,
    -37274.57940955254,
    -42118.89764829573,
    -39871.41193447293,
    -41091.02981687054,
    -34799.184493428926,
    -41533.32667088876,
    -38431.822352538664,
    -37497.11507971669,
    -40741.310869707944,
    -37811.97253172145,
    -37707.26896604762,
    -43816.45695233792,
    -34804.593472442924,
    -42325.39258420982,
    -41071.968118775054,
    -42178.129286055286,
    -39692.653139889924,
    -37244.715171364915,
    -36305.61212144241,
    -40548.78880321185,
    -38014.335049217705,
    -35243.12437660576,
    -41618.40880691647,
    -40082.90000519651,
    -45691.36075749478,
    -34053.94756344016,
    -42626.990557413534,
    -38038.26415892964,
    -37722.59359367851,
    -37108.04110654366,
    -44587.021221868745,
    -40461.054153807556,
    -38471.77541851557,
    -41776.028067915424,
    -33155.182726107014,
    -38658.172700908115,
    -39686.08442990783,
    -49878.5823529655,
    -39562.32324982422,
    -37364.839448859784,
    -38049.310168253054,
    -37386.75803737431,
    -39481.6882768438,
    -38673.78030367646,
    -38471.37268866407,
    -42204.93366416053,
    -41313.61105104415,
    -37097.259462195405,
    -40095.03446001878,
    -44420.600190534984,
    -39340.97199061748,
    -38276.75015460149,
    -34752.446241526304,
    -38453.121419494906,
    -36634.70226470659,
    -42209.2760085024,
    -42850.90060531658,
    -36902.654578529866,
    -38939.041157433225,
    -41007.4041355436,
    -38530.83362502887,
    -40460.87194992313,
    -37653.83019987204,
    -40419.431529625115,
    -45987.270973017476,
    -44636.09387970084,
    -40947.81647192915,
    -36454.917173327405,
    -39196.23841905423,
    -41484.60713304723,
    -38785.09578828802,
    -39167.10819874845,
    -37372.53677573576,
    -39445.88966811411,
    -38705.81794997738,
    -37035.817443432075,
    -37551.69845104328,
    -38813.54391673703,
    -39264.275080273466,
    -36630.415745238526,
    -37692.8168644709,
    -39558.96722829982,
    -40399.00539575229,
    -41965.607623154145,
    -42628.194413558,
    -44754.73017352867,
    -40201.63504504401,
    -38990.041234601005,
    -38621.6093703736,
    -42939.976269491715,
    -44928.54885278754,
    -34538.8894127812,
    -38611.416522079904,
    -39570.53920517273,
    -36398.41883838999,
    -38660.46432189962,
    -43018.52909255947,
    -38580.7282079139,
    -40198.23688605207,
    -40017.94615025104,
    -38945.00728237289,
    -42282.18575756713,
    -40231.9815517263,
    -39434.95630249253,
    -40465.178653365736,
    -37571.40115019595,
    -38211.77766117944,
    -40419.55427080453,
    -42924.25292013532,
    -33545.31525505599,
    -39850.96336531858,
    -46434.21153359861,
    -44082.2039920571,
    -44300.893726899376,
    -37858.74456515926,
    -35999.978954634906,
    -37208.40699733622,
    -41243.48831747053,
    -41072.036726115184,
    -42425.609638775146,
    -37618.29716180317,
    -37849.93767390781,
    -37566.014492215814,
    -40559.01833952126,
    -45387.76116086713,
    -41354.87743314267,
    -35450.34059766855,
    -41115.77933259339,
    -41420.834403029796,
    -44023.40197928688,
    -42309.63814561274,
    -41878.115680376155,
    -41871.238927322906,
    -37096.794381899155,
    -36726.48120581742,
    -43197.67765988463,
    -33193.61509915513,
    -39003.604297587975,
    -45403.240739110726,
    -40085.22164721334,
    -39505.0888362523,
    -40515.08135011203,
    -41936.17003542141,
    -34301.10022508082,
    -37740.44032274915,
    -40477.733911337105,
    -44965.285646646444,
    -39050.65353612318,
    -45926.2926360135,
    -36172.81195504587,
    -41598.59654336934,
    -36827.99228400838,
    -38384.88870833945,
    -47509.85082444212,
    -40355.33343566925,
    -43001.14890447035,
    -40152.958855552664,
    -37767.48625641912,
    -40870.50358112094,
    -39682.668760303364,
    -36274.87551106589,
    -39089.18946342989,
    -34600.757512531636,
    -39235.78940084707,
    -38356.4289496437,
    -40004.40063614103
  ],
  "final_reward": -40004.40063614103,
  "per_actor_stopped": [
    211,
    238,
    217,
    211,
    231,
    231,
    258,
    217,
    231,
    238,
    244,
    218,
    265,
    231,
    231,
    244,
    217,
    244,
    265,
    251,
    224,
    231,
    231,
    224,
    231,
    224,
    244,
    224,
    211,
    238,
    224,
    224,
    217,
    231,
    224,
    224,
    244,
    217,
    238,
    211,
    224,
    217,
    231,
    231,
    217,
    231,
    224,
    231,
    244,
    244
  ]
}