{
  "actor_lr": 0.001,
  "critic_lr": 0.1,
  "stopping_episode": 595,
  "total_episodes": 696,
  "all_rewards": [
    -49724.83659297721,
    -42541.86606545901,
    -43995.06385952938,
    -38735.355843036596,
    -44686.21086536493,
    -39584.257302017235,
    -34035.73452114733,
    -33420.59141618176,
    -33418.8939392767,
    -38186.947400762496,
    -30488.206755665382,
    -35064.705491317705,
    -36348.88603087264,
    -31587.79566309337,
    -31321.311767054478,
    -37356.97806191116,
    -35277.029414347584,
    -34158.335998735456,
    -33376.099258521586,
    -31287.194951422134,
    -30996.261382945693,
    -31620.814113402874,
    -31547.414846874643,
    -34077.19105130572,
    -36140.24657568804,
    -32367.573325097903,
    -37558.357156301165,
    -38641.16790208718,
    -39311.824295942795,
    -33532.91880262114,
    -39657.32532574871,
    -36162.553902262385,
    -42031.28956693614,
    -41193.250223614436,
    -42509.7325750635,
    -40889.14238747694,
    -40552.68910265087,
    -41267.488852155264,
    -48025.0877431944,
    -41182.908296020185,
    -47013.70438928781,
    -44906.59967035679,
    -42497.24865304661,
    -40341.071705279726,
    -45065.298849639905,
    -45291.86260150265,
    -48735.54011419042,
    -51161.16722296908,
    -40775.90643375193,
    -53425.244045153406,
    -46132.593446178245,
    -45191.92514339935,
    -49225.55249380698,
    -42227.93251645661,
    -44225.372312475345,
    -52316.82405966692,
    -50368.893513971314,
    -49913.37477031594,
    -55562.522862918515,
    -49491.116279766546,
    -47048.6885550424,
    -53981.70261385627,
    -51321.52622257467,
    -45197.22541897303,
    -47354.21557452937,
    -46901.00179080449,
    -49746.104603495376,
    -46883.09583434343,
    -50551.30047484391,
    -46735.63706632179,
    -47124.65710406388,
    -49354.00038166501,
    -43800.103000017196,
    -52802.72503577076,
    -42924.82372955979,
    -51560.77303823347,
    -50606.469157706604,
    -47887.49041295307,
    -49064.48410433389,
    -52836.375796845,
    -49358.93273022839,
    -38706.065085980335,
    -52188.49109122206,
    -52149.62152503387,
    -56199.88459611479,
    -51828.603407613744,
    -54892.45758754684,
    -47246.87404712042,
    -51222.07866049709,
    -45900.68759027668,
    -50564.224444167936,
    -43002.13458522471,
    -47981.439598810946,
    -50417.16952664414,
    -44739.329551979245,
    -49364.26071675545,
    -59677.539325250946,
    -52451.923323822404,
    -50764.64101395029,
    -46403.604396763214,
    -46909.04054318806,
    -51255.82276576704,
    -44144.72382542156,
    -44476.24166058324,
    -51797.83722561646,
    -54326.17063803259,
    -52333.42353479747,
    -50798.384639733216,
    -52486.12538503744,
    -53989.930597289895,
    -55462.73783633376,
    -51011.57888618446,
    -47997.00995902842,
    -54819.342625162724,
    -51903.74366846701,
    -53793.673862828124,
    -50204.01691693334,
    -44713.23788827442,
    -53767.25892517652,
    -48327.38946983726,
    -53035.84617966082,
    -48210.23165598664,
    -57809.42724403508,
    -50899.5846966586,
    -51299.337479296235,
    -47074.88960961577,
    -51957.005022717305,
    -53782.51637035306,
    -53196.09387480041,
    -50454.00537062664,
    -46906.20051445416,
    -50287.16043563551,
    -48927.94026445087,
    -54396.51202486038,
    -50355.85419175358,
    -48780.743157117424,
    -51035.1607362503,
    -48243.86005006933,
    -42283.908845519036,
    -53124.65504945166,
    -46595.21114644234,
    -49705.514489204616,
    -49639.528215440034,
    -43341.47745846698,
    -52077.5442428346,
    -46624.08199737212,
    -48024.909248849115,
    -57857.795361278455,
    -53351.69633051136,
    -56286.42685329957,
    -49090.86652795729,
    -43954.8589328456,
    -45469.99443106217,
    -38971.06882573243,
    -51238.79970833975,
    -56830.03236204243,
    -46778.51768611022,
    -48066.83004834619,
    -47506.283338775516,
    -49779.518036213216,
    -50677.970076901795,
    -44649.83782635539,
    -53075.61997256635,
    -45555.5118895008,
    -48873.64310636855,
    -54198.45279472769,
    -55359.06846071314,
    -51711.91684195859,
    -50712.70682319105,
    -53960.856362222214,
    -61923.505856242424,
    -48649.92459055874,
    -55142.93485314674,
    -47708.433135988496,
    -44862.406529028754,
    -46939.825098469475,
    -41842.15115132892,
    -48909.55008870546,
    -54974.19001813417,
    -45777.11737131485,
    -47058.29498104722,
    -45683.892360536236,
    -47243.2941188226,
    -46425.16476974361,
    -53033.86306308851,
    -46595.70411159686,
    -47698.900296794185,
    -48846.306460573614,
    -52024.54724368171,
    -43510.96573945132,
    -48902.029840921256,
    -46602.63565974246,
    -53597.84433079043,
    -53583.01201737522,
    -52124.14397776144,
    -47881.311907072035,
    -53318.01542656643,
    -51582.21546254346,
    -49620.06772371417,
    -52448.07298877058,
    -42571.17350917346,
    -47117.041810768715,
    -49577.60897607611,
    -44192.70357595097,
    -48613.231665483945,
    -45743.01293842342,
    -46286.95224842061,
    -51188.9861232108,
    -44136.16297366726,
    -48373.29433697676,
    -53664.12008707511,
    -46051.956069968866,
    -45938.54308151107,
    -52525.007794200996,
    -53236.390368917164,
    -47226.814842491265,
    -42548.9641109072,
    -52833.8788899699,
    -45385.11572199311,
    -47242.06900087679,
    -51860.163799381626,
    -54179.70264182659,
    -46449.284961256344,
    -50917.19868153655,
    -50507.27021855158,
    -56040.27549369971,
    -50020.767241550464,
    -54679.74725692643,
    -54623.10969357036,
    -50751.98402057916,
    -53743.03155822886,
    -43557.78115532178,
    -54205.010520949436,
    -55360.87990240157,
    -45472.39379782998,
    -54710.91124531446,
    -50967.91694382082,
    -52178.15068020928,
    -49235.208523184505,
    -47140.35745562337,
    -49073.81361481323,
    -53519.11619227332,
    -46117.7044705296,
    -42137.89369737946,
    -45529.36889042941,
    -52654.499934492946,
    -47794.588358203364,
    -50640.87558062748,
    -42324.08340693965,
    -47240.62569887069,
    -47766.301259498185,
    -46500.39868728772,
    -40208.32323705683,
    -53129.284977986164,
    -50608.33433131572,
    -47921.7857436687,
    -51820.402640122615,
    -52178.54545978972,
    -46547.36105540133,
    -47999.15192371033,
    -52342.56394474285,
    -46788.85582578161,
    -45843.869920716475,
    -52253.10197850232,
    -55928.830625321614,
    -49962.093959553174,
    -45045.613643741104,
    -49544.46961789653,
    -51652.89220305993,
    -49680.46603323439,
    -51713.98628694929,
    -51027.1075067817,
    -51193.64427258034,
    -53805.85920206415,
    -51378.80459055882,
    -46190.318449477614,
    -54236.0615604518,
    -50100.021997787975,
    -54944.336855479356,
    -50850.315239168674,
    -48068.121554794634,
    -54353.435920475626,
    -48721.9179149582,
    -57419.84664861941,
    -48745.57134390233,
    -48678.78229145609,
    -52280.86625187941,
    -54697.085903067345,
    -59367.20686175799,
    -51565.89033683333,
    -51061.82222027083,
    -56378.7239863146,
    -51496.576199792406,
    -50537.34811301925,
    -57711.65918908637,
    -47292.82310258594,
    -51134.42774827262,
    -51372.30345257705,
    -49937.40960038686,
    -46533.08501648127,
    -46492.103037283436,
    -49766.85062982737,
    -50803.618510927045,
    -48736.21384344577,
    -44705.5291888944,
    -46181.27480448484,
    -51873.86472401937,
    -43824.01019031007,
    -50830.86139580128,
    -52047.31807516605,
    -50570.15937606796,
    -54164.17345548242,
    -48944.522201866406,
    -58003.963422285924,
    -48601.287834691175,
    -50667.14618123875,
    -48763.64719597077,
    -52022.49596702278,
    -50053.203935509264,
    -47646.99166576186,
    -50216.7118196581,
    -48282.29311956702,
    -58275.568344538224,
    -51788.86292128187,
    -51567.865395700974,
