{
  "actor_lr": 0.1,
  "critic_lr": 0.01,
  "stopping_episode": 176,
  "total_episodes": 277,
  "all_rewards": [
    -41656.456239693194,
    -49237.4119330448,
    -48008.36483555685,
    -39418.127981263395,
    -39467.71200606323,
    -38629.280322470964,
    -43242.61556924504,
    -39166.90613572295,
    -33015.83028986861,
    -43979.72125087313,
    -43626.95966592562,
    -38924.133936312355,
    -38070.00679371998,
    -37845.66792551068,
    -38706.676887178386,
    -41025.69744700805,
    -42603.492646446786,
    -36578.60426677687,
    -40557.97771203987,
    -39694.00191260102,
    -41265.52357137958,
    -43673.18568886257,
    -40473.21480865858,
    -36193.66203904649,
    -41247.65060473814,
    -43628.30690558244,
    -39040.75931149807,
    -34803.36405702964,
    -36659.71750571862,
    -36875.94884163178,
    -45763.479327913956,
    -43422.615294535986,
    -41085.31306286761,
    -42989.752910163785,
    -39491.90395196719,
    -42678.95582767355,
    -35470.007116113164,
    -44344.47776722106,
    -42173.79832883258,
    -40022.59717265892,
    -38308.89973066287,
    -39310.98376592195,
    -41443.447800815695,
    -37674.93039000005,
    -36394.742282626416,
    -36580.232346694116,
    -41743.428060630205,
    -44904.136234559905,
    -34339.15005127283,
    -38675.87616001252,
    -37585.105724132045,
    -36584.8537491458,
    -42202.97958285178,
    -38372.291138845045,
    -38465.51561274462,
    -44101.311525383804,
    -37468.957004061456,
    -43490.034601604755,
    -40350.171984500754,
    -35217.406935422245,
    -42589.202386473815,
    -41131.86696047823,
    -39578.40306831742,
    -40971.46460091019,
    -39351.9216677596,
    -40144.02287269947,
    -36805.28104379272,
    -42698.110653648764,
    -43045.70468114268,
    -37707.574550428086,
    -39118.47264149275,
    -41306.02465719332,
    -46811.27809641544,
    -41068.14934044582,
    -40819.70387821266,
    -43994.36617608885,
    -39509.13295535903,
    -41522.05691712637,
    -41516.35833261067,
    -44349.367997562644,
    -40145.69719307614,
    -39367.007257045945,
    -39097.18232131375,
    -43218.87313689243,
    -36575.57555556874,
    -44461.27013026477,
    -45014.71042719054,
    -38461.78691174884,
    -39392.89016367367,
    -40064.7275422354,
    -38354.70810280243,
    -40854.2451703719,
    -42629.72834087087,
    -41718.053094083945,
    -39034.55131167772,
    -39282.10381076054,
    -44059.85887989369,
    -42058.273200044765,
    -37564.61526155842,
    -34861.777376129096,
    -39800.745577460504,
    -41610.320671793095,
    -43810.44333151337,
    -40807.35342962318,
    -37295.07073741534,
    -44386.486919872594,
    -35122.523523871365,
    -37912.94087570396,
    -42618.35500429396,
    -43847.299219686094,
    -40665.897084078,
    -41603.77535537264,
    -35231.768461404215,
    -39463.32129788479,
    -33854.19560697964,
    -37250.569955744635,
    -42579.66666828783,
    -40395.73098938932,
    -41669.40669224939,
    -42441.39722710582,
    -42846.78316067955,
    -44986.49924985307,
    -38748.95480728868,
    -39047.78001308348,
    -41691.95622901243,
    -44371.68174345014,
    -38909.3874519551,
    -45231.92102929507,
    -39512.55870913914,
    -40868.38291893946,
    -40556.11955926666,
    -41093.0185933192,
    -41195.151498283216,
    -39703.43992554271,
    -41399.56515373279,
    -39786.870877018315,
    -43929.31826935179,
    -43605.023125604544,
    -42000.72302640967,
    -42167.96034570414,
    -40057.618632600504,
    -36923.12255132352,
    -40748.43393102694,
    -39624.66571645869,
    -38677.98643839062,
    -41816.29428633527,
    -38803.43077863308,
    -45498.335038230776,
    -40482.3026121601,
    -40306.443342341714,
    -41401.34240951632,
    -41206.62144351956,
    -40276.21887039227,
    -33925.396319120606,
    -40041.25674529142,
    -42484.71924105888,
    -37308.92857644586,
    -43469.137373051795,
    -41003.1600796423,
    -42716.80210696624,
    -40537.687887859065,
    -38527.23591319901,
    -38866.32615851919,
    -44903.8088186253,
    -44476.29523265126,
    -39390.62657149505,
    -40913.96942921798,
    -39814.86170011099,
    -37105.46349943121,
    -36470.47675015655,
    -41970.774629479296,
    -39184.80186123119,
    -41461.49138617871,
    -38361.11006705351,
    -43986.032799545064,
    -40965.27600373354,
    -43044.234957364875,
    -41144.04876049018,
    -37515.432471899294,
    -45626.25165762757,
    -44764.84144222445,
    -46916.796828652594,
    -41182.85740651655,
    -39174.72622617733,
    -41842.28759707294,
    -42940.64567802742,
    -38152.2127121983,
    -38593.2492870973,
    -38854.95232105641,
    -43075.72552423049,
    -42265.419654371595,
    -42665.625768819766,
    -39014.13019494784,
    -37254.579894840164,
    -43801.876625034594,
    -42065.63613266846,
    -45464.65253311977,
    -37565.5354090725,
    -40899.11715237058,
    -32940.8115511859,
    -41874.218794717606,
    -35632.21382845885,
    -46668.78406471793,
    -34570.74340472471,
    -43248.74974894075,
    -43018.53349381772,
    -42309.8305864426,
    -46722.9163311821,
    -42315.158213495604,
    -42714.27162706323,
    -38925.637826425365,
    -40017.90211982507,
    -36244.18816466662,
    -42820.78713872884,
    -40800.20427365337,
    -39406.621071439295,
    -37195.85036322429,
    -42430.18654706738,
    -38344.597761339704,
    -39768.517847719835,
    -40832.44827869768,
    -37045.72506702707,
    -37205.57744445134,
    -37288.92019653928,
    -38878.57382079721,
    -40490.638558304636,
    -39256.765982369085,
    -37826.861637602386,
    -39790.8129854797,
    -38641.41758791063,
    -41962.66196466609,
    -40305.43456031222,
    -42606.28386636159,
    -43558.987227671736,
    -36493.49720565009,
    -37827.401807331385,
    -40081.70579384958,
    -36452.70985223129,
    -43041.62117608232,
    -42005.429109980934,
    -44054.489322612935,
    -46448.262410574054,
    -46665.46186582632,
    -41634.19807342395,
    -38655.224123947206,
    -42685.11822893879,
    -38277.916358670846,
    -42495.68077432956,
    -41758.02177740281,
    -36029.11407622737,
    -42988.00032982104,
    -41261.44316192448,
    -41072.36719992975,
    -37392.54910656966,
    -36639.66629360746,
    -35737.33831074727,
    -38855.8849235178,
    -43718.04991821735,
    -42446.04495234115,
    -41994.76800150704,
    -40855.715497349825,
    -37212.142866159214,
    -43027.82846723803,
    -39163.42128266208,
    -38629.69631626124,
    -36793.911086231914,
    -41618.45054807044,
    -46822.25289993833,
    -42975.80629396575,
    -42672.46232572747,
    -44593.585136189475,
    -38894.49928885306,
    -39505.40697539597,
    -46909.11801000223,
    -41590.839858470725,
    -41248.60188915441,
    -39494.199152828354
  ],
  "final_reward": -39494.199152828354,
  "per_actor_stopped": [
    175,
    161,
    161,
    161,
    161,
    176,
    161,
    161,
    161,
    161,
    161,
    168,
    161,
    161,
    161,
    161,
    161,
    161,
    161,
    161,
    161,
    161,
    161,
    161,
    161,
    163,
    161,
    161,
    161,
    161,
    161,
    161,
    161,
    161,
    161,
    161,
    161,
    161,
    161,
    161,
    161,
    161,
    161,
    161,
    161,
    161,
    161,
    161,
    161,
    161
  ]
}