{
  "actor_lr": 0.01,
  "critic_lr": 0.01,
  "max_grad_norm": 1.0,
  "stopping_episode": 244,
  "total_episodes": 345,
  "all_rewards": [
    -43474.06891405269,
    -50522.88929103589,
    -51164.02614164807,
    -45119.7443379067,
    -47228.95473310346,
    -50494.015052418166,
    -51993.70690001594,
    -50632.62739553262,
    -44959.12445832703,
    -46561.723629282205,
    -45645.81244958488,
    -48694.0869023696,
    -49239.0759843168,
    -45168.795125195116,
    -46724.618928122385,
    -47865.554917300775,
    -47870.86199685144,
    -54502.05596476241,
    -44160.89150107558,
    -44307.16758931343,
    -47856.36595063778,
    -56198.692758485384,
    -46864.26477291849,
    -46224.46888263513,
    -43249.75736442928,
    -49022.407331288516,
    -47638.55921288926,
    -50261.63523354729,
    -38866.60691796901,
    -48358.88491098394,
    -52663.40856292269,
    -49497.26128517925,
    -45878.70705981491,
    -46005.36533679458,
    -52687.978960321125,
    -47506.52780795816,
    -45831.552624286545,
    -42445.45071695791,
    -49175.03012530433,
    -48351.151368900544,
    -40702.86048688912,
    -44324.95835878684,
    -45074.90867757023,
    -51427.04490996171,
    -45607.516747037436,
    -42521.16599373883,
    -43083.14781692132,
    -50454.645526270535,
    -47934.12527076318,
    -48065.42071418889,
    -49850.52191218948,
    -47566.82825827373,
    -45503.75270776877,
    -45685.029578401474,
    -49424.43039293627,
    -50274.639638740824,
    -45462.590644530974,
    -50817.83098629975,
    -50095.689871419854,
    -49741.913704196886,
    -49240.62548798939,
    -47775.81859460177,
    -50800.23444583263,
    -41943.25691132822,
    -47918.36258712542,
    -44706.52721009482,
    -49269.664620750234,
    -45799.60612055445,
    -48328.43150973432,
    -51797.091492182066,
    -49673.79480355501,
    -53523.13386269569,
    -45178.887394300116,
    -47250.456638317926,
    -52467.52409674274,
    -46379.93521413802,
    -49255.65425669202,
    -49472.14039434884,
    -49806.2177418345,
    -40852.05631367148,
    -46735.33192397261,
    -48158.93518438966,
    -48161.274138357796,
    -43603.3112038566,
    -44324.243967617505,
    -48019.999148219154,
    -50408.729323658474,
    -44809.3076564099,
    -44061.49840627601,
    -44697.29069025459,
    -50625.30389471864,
    -47531.69059993464,
    -44970.56773248173,
    -49414.0050704731,
    -45606.513691987675,
    -48964.54566778786,
    -50149.456509959266,
    -48279.98440805651,
    -44077.890756680536,
    -45828.00579545897,
    -48503.20826258799,
    -49998.57674137027,
    -47689.932539695394,
    -45026.688524760575,
    -41985.06526838648,
    -49208.91794682883,
    -42988.96071740627,
    -40400.748056429606,
    -45896.12986140686,
    -43546.360344616936,
    -42447.30127294285,
    -53146.8708739892,
    -45184.1574230469,
    -51348.750646151384,
    -49648.56589421227,
    -44193.24929524794,
    -46337.16194721148,
    -48694.99058444429,
    -47966.391030427934,
    -47519.56084954679,
    -44748.756807713966,
    -50975.03499075338,
    -41893.93430590766,
    -43740.848772975965,
    -48448.75744677863,
    -50057.5844049025,
    -43495.013399277734,
    -48011.71781083144,
    -43117.70185153058,
    -49076.861944561984,
    -45653.43492632879,
    -43234.63538243163,
    -49836.91596776583,
    -45392.9977962113,
    -47881.94087443455,
    -47642.11455742984,
    -43085.49962678178,
    -47003.87621393737,
    -51736.93521922225,
    -47534.09065746161,
    -50078.9344700539,
    -45990.26590010825,
    -44613.323477786915,
    -48293.061961534695,
    -45542.658666356394,
    -53455.67950791534,
    -47305.08527474649,
    -42735.956694799395,
    -50693.95856209894,
    -49214.64620040231,
    -41993.61805252091,
    -47892.15138573116,
    -45235.83976698216,
    -47680.014015003246,
    -50597.98368260235,
    -52872.91503271636,
    -48842.506418785415,
    -46539.13686906811,
    -45657.29755440679,
    -44585.387766594016,
    -47215.7069461781,
    -47811.79442802739,
    -50939.77441179777,
    -43646.79169535621,
    -43016.43060511649,
    -44005.712912339084,
    -46610.039628397586,
    -45691.07202347897,
    -49598.22430211377,
    -47817.55081226861,
    -44521.12239119323,
    -46402.90294632816,
    -39238.89251170986,
    -47222.77033570751,
    -48375.5848010416,
    -44996.83962083566,
    -48861.938678822655,
    -45206.22213412414,
    -45974.617062936224,
    -46235.54283989856,
    -47787.73891620052,
    -49111.65403795932,
    -49472.69965864337,
    -54259.19968747076,
    -55737.34641171898,
    -43791.58484741847,
    -43945.76074981176,
    -43930.242747306154,
    -47203.90077530094,
    -48147.02510629339,
    -55013.42734230126,
    -43752.12789176724,
    -43885.89367091871,
    -49423.74466410137,
    -49751.10482123375,
    -45434.78685502825,
    -49379.89590540115,
    -52939.75743475681,
    -46114.60589572056,
    -41084.226572677,
    -43496.53056599751,
    -43283.33483836138,
    -44170.11157751466,
    -49334.94007732769,
    -44144.89674533221,
    -48692.48615174095,
    -48144.89610500769,
    -50085.92294956695,
    -50482.67815873264,
    -51245.805245590425,
    -41424.18725373462,
    -43254.731667215485,
    -46623.69787119272,
    -42802.45816570184,
    -51831.0031324956,
    -49177.51983608321,
    -46740.29271427104,
    -40800.37706852809,
    -45160.33428447794,
    -44291.88345197059,
    -53579.52100526064,
    -42024.412754902136,
    -47185.62235206356,
    -47152.6966060374,
    -38848.60379137902,
    -44808.94956319626,
    -44122.139381716566,
    -39411.326918759965,
    -44739.27032761159,
    -42592.281848099745,
    -42509.49356570341,
    -41366.428623192536,
    -48717.121961022756,
    -44053.53553346303,
    -46703.455649482574,
    -41528.772284947234,
    -45010.47454546396,
    -45553.703613134516,
    -50980.158883027,
    -43441.36237830261,
    -51136.766558000956,
    -50767.9826608131,
    -48357.26654456531,
    -45270.20215628185,
    -46615.64950997622,
    -50381.31669123012,
    -42931.02436909353,
    -47227.250011904085,
    -45540.280930034714,
    -51797.109770715746,
    -42344.32906571916,
    -44718.19159341052,
    -46255.04170913174,
    -45295.727329962494,
    -47448.54320533121,
    -47871.03407918466,
    -49213.69389081967,
    -46353.3256280506,
    -47616.71762466582,
    -46933.88687401284,
    -49090.068000252235,
    -47543.41870064933,
    -49889.049079521435,
    -46899.23759800209,
    -51813.7577750633,
    -43837.80641566263,
    -42854.968743356636,
    -45049.212794619765,
    -39290.88767976899,
    -48663.345674906544,
    -44068.95652904399,
    -47259.4876228125,
    -41616.689209093376,
    -46003.46577274587,
    -52564.834982728964,
    -45719.574727956526,
    -45511.64841721258,
    -44963.41469991164,
    -42027.829844482076,
    -51892.00783358296,
    -47598.68588771637,
    -48969.300547584375,
    -40072.580929875774,
    -44267.99562708895,
    -49639.05992576506,
    -50864.30786097098,
    -50641.708715440065,
    -40982.04587152293,
    -47950.28598177574,
    -42968.31547055791,
    -42588.20999881926,
    -42975.02750151792,
    -49095.39242965229,
    -43470.0046675964,
    -47625.15398648186,
    -49856.601863013246,
    -45414.78878583174,
    -42861.9069179265,
    -44368.73757117808,
    -49032.514877553134,
    -47440.744669423184,
    -45374.86621949409,
    -43628.57381799526,
    -52864.947846177034,
    -42381.004234141845,
    -43940.04882050652,
    -45844.45047417302,
    -42685.4248319775,
    -50121.36970955689,
    -43514.16767687627,
    -47284.640847222494,
    -45182.51968592071,
    -46533.87007239104,
    -44412.3705758756,
    -42058.497062266084,
    -48424.24985216856,
    -49062.110998551434,
    -47255.001979298955,
    -48875.95124151122,
    -46689.49357637773,
    -48316.419734602256,
    -45415.660487488945,
    -47951.17411905526,
    -48277.038662470426,
