{
  "actor_lr": 0.01,
  "critic_lr": 0.001,
  "stopping_episode": 246,
  "total_episodes": 347,
  "all_rewards": [
    -35807.92015945655,
    -41378.57785505189,
    -46095.97788934395,
    -44940.53557405459,
    -45716.61112681352,
    -44127.088774647695,
    -40419.4935213259,
    -45100.88161430994,
    -41163.52056180054,
    -46682.40717637874,
    -45042.798603562806,
    -44504.20852750457,
    -42718.9720223449,
    -43465.19789879719,
    -47229.34238552351,
    -38889.82580509037,
    -43149.32087563255,
    -40389.96243097949,
    -45072.783263489735,
    -40687.01898141178,
    -42504.6134100743,
    -38960.00259585798,
    -44855.71352765869,
    -41607.27923485851,
    -38964.68374077742,
    -41189.20520540227,
    -40408.612281681344,
    -49100.33004719603,
    -41658.14863683262,
    -50641.50792603688,
    -38704.90117635628,
    -45578.698815192925,
    -42603.36647673823,
    -39169.37788744428,
    -43178.5016746082,
    -45565.96067075142,
    -36855.538370609414,
    -48313.83627882723,
    -38805.87077691909,
    -39590.49630579484,
    -45094.6171086047,
    -45007.906856857364,
    -36428.87425761963,
    -43288.01862825978,
    -44454.76900463931,
    -39894.64565310549,
    -35734.196860030555,
    -41863.904256436246,
    -38922.84193021575,
    -41718.560833740405,
    -39581.97426914811,
    -42396.20848396894,
    -47801.36666668555,
    -44873.8955311996,
    -45234.17450163017,
    -43542.75905074111,
    -43629.98780357591,
    -37987.53532809944,
    -37662.08005784248,
    -44439.45048972691,
    -37911.636249641895,
    -44385.30393902312,
    -42800.75682353498,
    -45581.42666719159,
    -39909.76142519772,
    -47167.22751780429,
    -40482.09488579784,
    -38471.96341030986,
    -45000.78994274181,
    -40102.772159165965,
    -43526.01632406765,
    -44958.67588964296,
    -39302.922237253384,
    -41483.52378861492,
    -42872.61016181861,
    -43328.44914935706,
    -44600.50745991386,
    -44993.38117723794,
    -40379.248768836,
    -41140.18748512583,
    -46690.75996603214,
    -44535.19557610627,
    -40339.89248990956,
    -41013.76648769676,
    -47127.502166395316,
    -45784.841256638705,
    -35940.270155683356,
    -39059.36013302544,
    -42241.494876054436,
    -44325.46086014901,
    -43097.27909861072,
    -43318.841084082276,
    -44087.69099079566,
    -41062.17930188373,
    -40060.62497885196,
    -46360.75800477476,
    -41800.96579996058,
    -41415.66324909343,
    -39676.83155535817,
    -39242.711525235216,
    -39413.704347873274,
    -45589.56309168941,
    -37821.063135864126,
    -47347.05643098085,
    -35732.51789441494,
    -44046.92552652117,
    -44878.00972298607,
    -45310.31310914582,
    -42509.43066294769,
    -42860.720367284324,
    -39234.16715936619,
    -43298.955548941856,
    -41273.884188662734,
    -41935.60750198472,
    -44619.200810994385,
    -40617.1093183319,
    -40551.84666564416,
    -42300.25301352224,
    -39965.03962482207,
    -43436.00137772612,
    -38748.858163450415,
    -44211.65238436886,
    -41104.53751691975,
    -41680.64549824533,
    -41466.58635796514,
    -40570.92585717659,
    -44105.62650394122,
    -40889.91199031231,
    -44252.55691434808,
    -43213.768008762294,
    -37568.79485978974,
    -44029.93949979257,
    -42221.97624577398,
    -44410.68611603111,
    -42236.364387803624,
    -42416.648554458545,
    -41852.57668332995,
    -49439.473790909025,
    -38756.890250151824,
    -48013.13540293095,
    -44080.38309665123,
    -46344.78221895522,
    -41565.70233704949,
    -41494.53997498997,
    -42533.037218283076,
    -47492.13576430475,
    -40131.94586254902,
    -40255.11743557751,
    -40555.912469946205,
    -44021.724281938514,
    -41844.209011073384,
    -39538.969777939965,
    -38263.659859079744,
    -41364.89426097033,
    -38478.10841594818,
    -35830.3954983336,
    -39054.14408303225,
    -38669.98062543113,
    -40679.40651797869,
    -39749.28738699444,
    -41087.802196358956,
    -44172.64656838679,
    -41684.27558457336,
    -41422.67706703932,
    -39641.716529139965,
    -39862.28960104013,
    -45331.30591267057,
    -38441.00127694915,
    -43809.92202443539,
    -43616.23772527468,
    -41479.846187540075,
    -44526.558512195516,
    -42172.734532591836,
    -38774.394729148975,
    -38858.30201330784,
    -41125.74304757475,
    -38299.36774913307,
    -40072.953542544914,
    -46518.410069080484,
    -40997.11147089157,
    -37813.77868050271,
    -38220.11054567907,
    -44393.84918003685,
    -34387.70689079268,
    -39499.2400922841,
    -44151.675795057905,
    -46173.590845535335,
    -45787.32464484381,
    -42498.72677147121,
    -37228.53921458156,
    -44078.60353203182,
    -39521.137785283274,
    -41508.82483886801,
    -37575.83899677785,
    -42660.27005670911,
    -44767.75042722987,
    -40762.16600122722,
    -44117.36534981401,
    -42468.18452031847,
    -39403.037323902856,
    -42162.830261343544,
    -44344.10704392339,
    -44896.014143442684,
    -39334.71128744816,
    -37898.171074721016,
    -43329.52094606868,
    -48154.71091604514,
    -45081.72742552651,
    -51065.17289139888,
    -39950.965778630765,
    -42483.71692681477,
    -45300.69594121582,
    -36712.20833783283,
    -42980.16562724519,
    -40382.8049915155,
    -43954.86942269285,
    -45244.63585318693,
    -45587.734233115916,
    -45702.503000036966,
    -43915.36019494916,
    -45223.97405139522,
    -36427.06702036135,
    -49487.58284504882,
    -38051.85092685294,
    -35744.339098682314,
    -46577.9246499461,
    -43752.9861356906,
    -42671.46744327344,
    -39979.81345235137,
    -41175.40772002141,
    -41114.14488738464,
    -41293.96935475248,
    -42664.69219906367,
    -37006.34289739319,
    -39071.395023815654,
    -40576.35548872796,
    -44490.01146505425,
    -43874.66385387228,
    -38765.28978310464,
    -38905.76038228724,
    -41488.846260180355,
    -44449.44667458376,
    -45695.764648910204,
    -39660.199834317245,
    -44976.67563857324,
    -38893.14155316578,
    -44471.59333036048,
    -41175.49685973018,
    -37335.76632347298,
    -40341.152584589334,
    -43908.21075471468,
    -37957.19811903179,
    -37966.292472591434,
    -38988.49767961369,
    -44029.03439343601,
    -41240.15669788298,
    -40223.373312753065,
    -43554.42725017387,
    -40662.67346895355,
    -36147.898409622285,
    -40593.631409639835,
    -40650.834132927965,
    -41347.44909388787,
    -38527.65140459373,
    -44373.63039873316,
    -35853.03139390182,
    -41873.88787897124,
    -36362.36467238521,
    -38866.299016100136,
    -45104.1620068006,
    -45847.45598475001,
    -39840.046918864,
    -40394.75584364736,
    -40938.64992246777,
    -42194.40115308938,
    -40404.44127488468,
    -44409.429007908744,
    -46157.04292882081,
    -43959.718137641146,
    -49310.643123605034,
    -42284.86580870951,
    -44255.85234660481,
    -37696.981647938104,
    -44486.95166925685,
    -39620.57604388008,
    -42815.81086861939,
    -41969.03334950138,
    -38340.28324602887,
    -44321.81592302419,
    -47336.38881339638,
    -38412.17333155328,
    -42166.497898282636,
    -45328.74981653252,
    -50409.083164644886,
    -41373.48247185453,
    -40098.72110769723,
    -42921.352235433034,
    -38283.41840088359,
    -37072.98709813725,
    -42195.88550710661,
    -43289.416169077216,
    -41931.34257619608,
    -37341.1074494249,
    -40945.517890105555,
    -44490.062815807796,
    -47309.324865019924,
    -42499.15948434358,
    -44997.96550771159,
    -46403.12246371515,
    -39837.44581981517,
    -39822.15295864785,
    -39235.77740631394,
    -39620.78196004143,
    -41315.4663757573,
    -41355.15277782077,
    -39717.30922168959,
    -39621.05046524343,
    -40725.12456203504,
    -44350.68709784185,
    -47267.87140320813,
    -46046.729771820224,
    -39890.358058305035,
    -45497.157043991385,
    -44161.486836558004,
    -43590.718839297755,
