{
  "actor_lr": 0.01,
  "critic_lr": 0.001,
  "stopping_episode": 253,
  "total_episodes": 354,
  "all_rewards": [
    -44482.218066199224,
    -42104.6131903457,
    -43335.96542447216,
    -41399.41438159011,
    -47578.3910723728,
    -43429.23330634012,
    -39496.82766196632,
    -35359.37495447612,
    -40880.07878130533,
    -38372.094828670764,
    -36355.64767656258,
    -42569.01117966436,
    -40066.27207767272,
    -36712.34261260879,
    -36261.17302181075,
    -44111.73126264666,
    -39521.16868590959,
    -40108.51036871051,
    -44680.11534413419,
    -40861.436663412445,
    -37064.279013927284,
    -34561.94906643397,
    -41554.00960811142,
    -43758.705052718746,
    -40462.74781431844,
    -42063.3929026971,
    -42683.83584180799,
    -47547.17892661098,
    -43034.991550661085,
    -41537.20222433276,
    -40311.95650371262,
    -36579.6416458003,
    -40106.24410464566,
    -41159.1805019276,
    -39066.85437841682,
    -41889.40908697352,
    -41526.252701863355,
    -38525.21131366506,
    -38112.33268557537,
    -38935.81575477635,
    -40865.46057932993,
    -39237.80408689834,
    -38623.98963227035,
    -38395.36836173576,
    -39709.51081453077,
    -42884.22898820588,
    -36063.931190891286,
    -38592.03774544288,
    -36623.39752672457,
    -43610.70093371779,
    -39811.11529014373,
    -41238.34525156104,
    -40524.59567551076,
    -41855.88078271059,
    -39110.442018020614,
    -42726.5799564611,
    -41613.1899058508,
    -37290.69847468856,
    -44849.82289644929,
    -39939.10536558733,
    -40621.3213448429,
    -42311.2221167008,
    -44071.721949446466,
    -40095.26321182152,
    -44459.68943060849,
    -37752.34250261741,
    -39794.510013928266,
    -36515.17130803068,
    -40746.63597629141,
    -39467.33691704097,
    -40361.60069627401,
    -39123.382391185645,
    -36377.7686307187,
    -49224.299094066904,
    -38257.43131212506,
    -38585.67740441588,
    -39505.48408336659,
    -39434.39346222822,
    -43914.59603562525,
    -43637.13012543188,
    -41807.86346077269,
    -39699.36009268358,
    -43049.88608681223,
    -44367.425865786354,
    -41498.84558828735,
    -43240.85414580208,
    -42437.53590932359,
    -38302.31857715007,
    -42142.98602627916,
    -38691.92377386208,
    -42333.16212256064,
    -39980.994799805914,
    -41246.338165696485,
    -41208.49505751268,
    -40762.72450448338,
    -45016.39910258562,
    -51200.380533180265,
    -42933.8067191142,
    -43185.28505204565,
    -40026.85328468779,
    -39512.432230783226,
    -41132.502034841935,
    -38490.81168566798,
    -40304.859172124976,
    -42787.205606566116,
    -42136.96460078225,
    -43286.24478067087,
    -38158.011628009204,
    -39170.1842127594,
    -37675.92560519586,
    -42996.61107860706,
    -37991.650289216166,
    -40060.203092196185,
    -40215.0533802945,
    -45057.19577735412,
    -41105.406539218464,
    -45531.908177066376,
    -37300.32027456281,
    -43026.92986237997,
    -43365.52964005593,
    -42536.63691781893,
    -42056.38917257534,
    -41913.38196936959,
    -41815.61845231945,
    -42375.83099079001,
    -39587.11240098038,
    -43328.228609454614,
    -44108.93415136003,
    -40255.893474192395,
    -40568.570500897935,
    -34928.71720800114,
    -40562.18618751437,
    -41152.15820420475,
    -36816.492376594775,
    -40852.616986147426,
    -44923.50783620857,
    -39612.948115690655,
    -38127.787982437796,
    -36549.3686375069,
    -35933.15708961327,
    -41783.75595695963,
    -42447.433952661864,
    -42405.38988967576,
    -38712.94289021824,
    -39058.466688058856,
    -43274.84911416454,
    -40900.01924392033,
    -49568.58744287427,
    -41139.59727721657,
    -45859.471635293776,
    -46051.07659638898,
    -37191.3940682739,
    -38246.64399542613,
    -35524.2616075151,
    -41676.92379909885,
    -41142.98209456365,
    -42002.00277840889,
    -40226.83946150509,
    -40853.0866877282,
    -42678.83708637317,
    -41406.35591840213,
    -39850.73641030412,
    -43758.10254783388,
    -40753.47885859302,
    -39319.961032354346,
    -42717.0976899506,
    -45003.541863025705,
    -42172.64653825364,
    -42439.350484814655,
    -41657.66466255399,
    -48452.52154322155,
    -39488.20010803832,
    -42436.44952487026,
    -41208.29640282816,
    -43033.749506387736,
    -39274.103930938334,
    -35565.39165854251,
    -37563.68833523453,
    -42582.74359028803,
    -40437.50720814841,
    -38974.7508734771,
    -39508.08797300732,
    -38357.87521200213,
    -42061.679768059104,
    -41515.65634949712,
    -41786.84762556518,
    -36010.79861022783,
    -42229.9646192648,
    -40844.881637332786,
    -36472.099998477264,
    -41023.14870634739,
    -40194.59835654626,
    -40754.037428747106,
    -41869.42788101071,
    -42736.07340974295,
    -36213.49509220544,
    -40040.62545162151,
    -39135.429614875444,
    -37567.602911738526,
    -41023.55453436524,
    -36898.309128730034,
    -41549.83699801144,
    -41735.40220777616,
    -40087.659199536654,
    -42640.67308830294,
    -36046.50738716266,
    -39110.358813462175,
    -40927.77370330089,
    -39651.93575789906,
    -40556.828880444766,
    -40362.611284831815,
    -35815.053111888396,
    -40914.11239703366,
    -48204.85807222692,
    -44942.42481921633,
    -40563.21340227288,
    -33536.62134147176,
    -41919.09135770636,
    -38634.859296834235,
    -40144.09304156356,
    -47419.428310903444,
    -39196.45102273842,
    -39333.182093776704,
    -41667.268074330816,
    -42657.68346217631,
    -40647.09893796145,
    -39953.422886447515,
    -38341.176940847654,
    -40176.43623382857,
    -41532.24732043441,
    -39079.14093585696,
    -41743.16914465833,
    -40386.26852439251,
    -37159.09432489604,
    -37748.950699944675,
    -39697.74297400138,
    -40049.63020392285,
    -36450.566463781965,
    -37899.4089072399,
    -36710.95665891515,
    -40329.98625011542,
    -38292.86061420944,
    -37640.62775569774,
    -40339.38519325826,
    -45240.27162398078,
    -38589.14952959919,
    -45019.624340271315,
    -42226.60305071066,
    -34306.47017087762,
    -40370.88604228552,
    -40619.87321122837,
    -40069.73607385467,
    -36363.32359578797,
    -43364.66886666624,
    -38862.80990401203,
    -44890.31970341739,
    -41160.50995328087,
    -43119.19494226572,
    -40399.968584655566,
    -41066.747735113975,
    -38306.64619950071,
    -41057.20524268216,
    -46711.65475197484,
    -41594.791420749345,
    -40857.76574625618,
    -38612.048281836665,
    -45935.945448589344,
    -41541.52026320784,
    -39466.51560917382,
    -45411.1808102026,
    -41285.004074373224,
    -37360.18417326611,
    -40929.11439614801,
    -41222.30155046565,
    -42754.49916794026,
    -37247.69855204649,
    -45520.940694857345,
    -40693.35216143899,
    -45522.32561499731,
    -40273.668431978156,
    -36850.47755502595,
    -38408.25896272304,
    -37237.97233338051,
    -42765.488032380876,
    -42661.34233812656,
    -35920.57373145724,
    -40622.51312613185,
    -36834.884656440765,
    -44645.398199900876,
    -40922.82891145201,
    -43717.95841763546,
    -42237.213738063096,
    -43512.582814198955,
    -42229.58837966856,
    -43071.20976768689,
    -40541.31725370165,
    -39539.83877238499,
    -40548.047767200514,
    -40537.779442949126,
    -39086.74014028457,
    -39121.19641541508,
    -39157.0273930503,
    -38427.783267563376,
    -40587.72884196638,
    -40825.80096964594,
    -37128.8133385289,
    -39997.23517773825,
    -40276.753230071416,
    -43232.495011968764,
    -39701.26377165629,
    -42104.629666392975,
    -40175.24346743402,
    -39081.001627070575,
    -40731.58228308516,
    -39054.702231117204,
    -43378.77425242465,
    -40609.32667188505,
    -42940.80586100022,
    -34313.56160610055,
    -38786.09555428606,
    -45623.18413574977,
    -42486.093434595285,
    -43727.706442611045,
    -40043.18675646049,
    -41792.047270265706,
