{
  "actor_lr": 0.1,
  "critic_lr": 0.001,
  "stopping_episode": 217,
  "total_episodes": 318,
  "all_rewards": [
    -42643.39694281779,
    -44818.71471429243,
    -49412.67746726356,
    -46711.00013572305,
    -53867.94878923211,
    -53721.73057437378,
    -50409.77124535436,
    -46907.0904303796,
    -41588.43261163671,
    -49215.84673213389,
    -54492.484670329344,
    -46839.86475518116,
    -46347.63380401821,
    -48207.10710770419,
    -48447.55986542512,
    -48746.90105931896,
    -50973.417753818954,
    -55627.34410006654,
    -54409.47055633399,
    -50774.62510854832,
    -47152.956870968395,
    -47255.20126990825,
    -47011.41070596604,
    -51499.83183513301,
    -45827.87227414547,
    -49862.39995143445,
    -49724.59111177576,
    -51006.22596688899,
    -46822.86549241931,
    -51428.622295409295,
    -45274.18407066326,
    -47648.256458042866,
    -54070.92488001479,
    -48722.24644210808,
    -46632.35321904367,
    -51461.08800244565,
    -45871.13934259268,
    -44500.14722773555,
    -49041.60223446636,
    -49060.16714043921,
    -52950.42004843746,
    -49515.86710154389,
    -55645.73391643647,
    -51547.46019793782,
    -48289.440954544196,
    -48381.53217733041,
    -47885.00186865556,
    -49564.027252068125,
    -50347.93167910635,
    -41745.99258441089,
    -45804.44175552657,
    -44838.26465396661,
    -46973.22759956746,
    -47360.092664080265,
    -50661.663922710344,
    -48658.79789915998,
    -45436.20596609092,
    -50497.36639115188,
    -46279.249137276536,
    -55493.73140442383,
    -53034.23068547386,
    -48452.42345231575,
    -50955.84039165538,
    -56109.3848472098,
    -48724.052113651895,
    -42883.376318699906,
    -46293.7861304753,
    -46835.72144988151,
    -43977.6335771871,
    -46050.802146344664,
    -53153.3836954899,
    -51214.32016244845,
    -53660.785350172446,
    -48288.95033585865,
    -46470.034660327416,
    -49099.417644406116,
    -49359.75325992642,
    -50962.66460206354,
    -48549.240612346104,
    -51754.2101888763,
    -53748.17959656131,
    -49201.18774646531,
    -52786.18071394124,
    -55636.017121963734,
    -51234.57386768628,
    -50447.95197374262,
    -50117.88794106878,
    -52123.158371573154,
    -45206.42962188468,
    -53884.17813126988,
    -48579.89005818281,
    -52738.92043471572,
    -49013.20395958648,
    -48926.01185469369,
    -51672.73736443318,
    -51980.809595722094,
    -53648.78540467928,
    -45581.270031078006,
    -46313.79768841855,
    -49879.29826018497,
    -45176.82661125969,
    -52502.2751907388,
    -50019.991459629455,
    -47360.67139608429,
    -50627.78630658776,
    -46275.83694766067,
    -51583.60955356915,
    -48022.79362162088,
    -46965.08554214468,
    -45633.840561928315,
    -48441.71065026153,
    -47697.0498971558,
    -45031.95387421531,
    -51060.46949374042,
    -51179.806219109065,
    -44280.6797396737,
    -50892.00733063069,
    -50903.98226243297,
    -48868.98488077483,
    -51837.67370190615,
    -44814.51074055881,
    -43348.871707188584,
    -49443.24003576033,
    -48106.556308827014,
    -53391.549300956016,
    -44197.498426797756,
    -50630.99110653369,
    -54399.658701458946,
    -48124.784330838156,
    -48916.41726674103,
    -45448.61191842121,
    -45906.13298419418,
    -50288.875660674246,
    -47568.542247629666,
    -50149.30153438959,
    -49330.325290712004,
    -48466.46881528585,
    -47122.92601726175,
    -44281.98336944263,
    -49102.87823505682,
    -51778.56140101882,
    -49445.76448514291,
    -46148.02939836988,
    -47058.34751398271,
    -54000.42474695867,
    -48672.59493179036,
    -50921.18586651491,
    -48982.889281134485,
    -48667.83584219961,
    -56794.26046936597,
    -49759.52863630677,
    -50377.66043016969,
    -48484.621213096914,
    -51367.856215931126,
    -49676.75906210042,
    -48615.0671525636,
    -48939.02803088521,
    -54689.09186143632,
    -46127.464203043346,
    -56550.95524358459,
    -42455.80478605631,
    -47511.64514019989,
    -48802.67535156696,
    -50102.21868700089,
    -50609.9927050572,
    -50143.32049982558,
    -49285.14249584664,
    -49587.56959955297,
    -47585.54927569546,
    -50858.889806601226,
    -48797.394906810645,
    -54469.08465076583,
    -49849.490459505374,
    -47888.585645400926,
    -53620.135223016856,
    -46822.35749944826,
    -57064.14833732191,
    -50919.00757964179,
    -51872.74759100816,
    -52990.9153010475,
    -57619.95763175207,
    -53260.13130124459,
    -50677.653618125,
    -49455.19348823344,
    -50549.09400641943,
    -55160.71413971319,
    -56991.34237300076,
    -50451.845810683735,
    -52117.88781299689,
    -50549.11297326987,
    -50778.81079988966,
    -48030.32336434636,
    -43745.40916880598,
    -52780.37709704596,
    -43716.81436361676,
    -55436.518735139914,
    -44912.70180501444,
    -50276.231898816455,
    -48189.31008759343,
    -49052.82013934381,
    -53250.753010921064,
    -49891.460406556944,
    -49269.57757425204,
    -50882.24971250089,
    -55755.65919620014,
    -48384.04037074023,
    -47430.10768692501,
    -42399.89699476276,
    -48835.18174025279,
    -47443.777486258616,
    -48096.357707638315,
    -49866.18600346629,
    -49706.6647338522,
    -49985.84329454,
    -59108.01326062987,
    -52985.106403970625,
    -47324.97098827778,
    -50399.53386325775,
    -56405.231822787646,
    -45452.01442889111,
    -47485.44015375992,
    -49561.94304218971,
    -49736.119757846944,
    -47813.17312002623,
    -46543.17365355707,
    -51216.92073881728,
    -50275.79381730587,
    -44924.72489389502,
    -47010.279422394706,
    -53898.26977243834,
    -48281.99009432709,
    -50406.03814021725,
    -51674.71939662896,
    -59422.7887361217,
    -58639.01577006449,
    -49807.07642835462,
    -40120.44151960349,
    -48779.8483480812,
    -47417.973576551776,
    -48263.658816351744,
    -50212.66016756617,
    -49709.70778151224,
    -51202.76002325404,
    -49112.76651462165,
    -50686.559521121155,
    -47806.241035560684,
    -48764.386688130005,
    -52761.30273977947,
    -51431.9248218691,
    -54320.77240361949,
    -50469.02577975957,
    -56181.66032109236,
    -51038.79091336055,
    -46365.89033402768,
    -50527.84841363882,
    -43648.915929237664,
    -52621.20245593002,
    -56299.07005477679,
    -58882.87843738733,
    -52316.71901869231,
    -52229.41399403277,
    -44810.894235764295,
    -49334.62194871297,
    -47493.85056820219,
    -47947.44357193503,
    -53700.54173096347,
    -51664.35411126122,
    -49167.63992083266,
    -53197.09081557146,
    -50534.74416812569,
    -49377.606954610324,
    -47959.04163525384,
    -47141.427391975754,
    -53313.440951027114,
    -55286.71583913141,
    -48415.92707661522,
    -53304.61537763286,
    -52156.93910520351,
    -47690.392735201836,
    -48466.175794256036,
    -49134.30088452673,
    -51786.81943216513,
    -52008.926904035485,
    -52012.272470667274,
    -51651.898816403576,
    -53965.90650401506,
    -51642.100379683776,
    -52411.295393585446,
    -50159.30284435249,
    -48745.89015286548,
    -51276.308125524076,
    -49341.221299248085,
    -50166.74989054501,
    -52822.48290073612,
    -50726.77616968937,
    -56170.434840161455,
    -44423.52513173918,
    -50434.985657982324,
    -49396.378066091704,
    -49556.05545711817,
    -51822.25763865939,
    -49909.95303939868,
    -48567.40241257163,
    -52860.03257485306,
    -47302.81136225785,
    -51035.063068037445,
    -46166.2536722563,
    -48335.64109195962,
    -51196.34627789292,
    -50800.90344846189,
    -53178.808754978745,
    -52204.96273443648,
    -49547.2982356664,
    -49582.19131651528,
    -46853.06764816769,
    -49876.26547483014,
    -47661.51709724657,
    -49608.757685227145
  ],
  "final_reward": -49608.757685227145,