{
  "actor_lr": 0.01,
  "critic_lr": 0.001,
  "stopping_episode": 286,
  "total_episodes": 387,
  "all_rewards": [
    -37355.610675680444,
    -41748.51436139747,
    -40491.01505399569,
    -47017.02255431442,
    -47389.16539612756,
    -43540.78738599585,
    -41748.45927156452,
    -36550.07216343935,
    -39424.88550645169,
    -42165.677937949906,
    -37688.822637684374,
    -39259.66789990678,
    -36976.11225492789,
    -36995.3776717218,
    -42185.62384121047,
    -35458.04713207116,
    -36895.81039311869,
    -37374.013278126375,
    -34283.006405998036,
    -38642.74990834414,
    -37964.535487740795,
    -39053.18503920507,
    -33074.876594941845,
    -36068.56572041756,
    -36135.049695315516,
    -36613.813429183705,
    -39686.744435239045,
    -41253.770031248656,
    -35250.84394316327,
    -41547.62366444852,
    -35724.77969241798,
    -33902.77324955981,
    -37825.634947192644,
    -37200.45562406843,
    -37752.657761506154,
    -41230.67077935008,
    -40907.441344076135,
    -37502.045907355176,
    -37304.531619567875,
    -35915.35528532326,
    -36741.86234109746,
    -42063.339214727835,
    -39655.12902487056,
    -40473.093335316305,
    -38129.880287838656,
    -40091.47359298155,
    -40237.61678047557,
    -37394.105818899414,
    -34460.86449484527,
    -41826.63287244382,
    -33693.2677964152,
    -38131.101784836435,
    -39081.8682622149,
    -35539.36362622998,
    -41129.29938390815,
    -32261.60991725041,
    -36668.49312782709,
    -36466.90259448213,
    -35552.004094474614,
    -34583.82923006166,
    -40373.275384199485,
    -37595.44202044693,
    -38008.47984593845,
    -37587.38199946272,
    -40001.21687442095,
    -37861.11321188888,
    -39842.96423398073,
    -34280.611759018284,
    -36067.16910958743,
    -33881.27421253838,
    -38081.01637812143,
    -38566.78548996471,
    -40509.492612359594,
    -32939.04381405284,
    -35778.23736747316,
    -36702.63936969664,
    -42735.0898291599,
    -36748.880694723804,
    -38627.73557727236,
    -39755.79704429134,
    -40072.25150002723,
    -37086.79837135922,
    -34973.98686857404,
    -33497.95934766397,
    -35215.057325213085,
    -40146.56063424574,
    -35888.283581552925,
    -32047.355606207904,
    -38843.66244295476,
    -38012.80386915573,
    -36649.47942721386,
    -38108.44010921994,
    -35463.51733323756,
    -36828.43610680442,
    -34221.51551564957,
    -37265.66648273042,
    -36224.85910488346,
    -44187.4456973102,
    -40410.35744667369,
    -34451.68072137039,
    -38362.18050392279,
    -41085.92019204112,
    -38193.35888549223,
    -38902.79236995868,
    -41922.320975271025,
    -34247.62134614409,
    -44131.36493629234,
    -38443.511029742345,
    -35458.12096631717,
    -40172.2818008505,
    -38182.579973870124,
    -35509.03286426624,
    -34897.57779305171,
    -33474.32605991087,
    -34935.91252050114,
    -39622.54540318642,
    -42457.09161218477,
    -36537.61425547373,
    -36450.07893743486,
    -33934.664911830114,
    -37176.78015273811,
    -38567.47190408218,
    -36836.96452146781,
    -38617.65924104934,
    -39259.58440965095,
    -35192.30970980341,
    -38898.74867642683,
    -37847.85873499024,
    -37121.49926797884,
    -36426.25042267568,
    -35800.6302836929,
    -35129.90078700849,
    -36539.139153384414,
    -37811.78082862219,
    -33874.19120327204,
    -33650.33172428539,
    -39829.382496155995,
    -37472.77005537919,
    -39693.37391018553,
    -40213.626476717225,
    -36289.80143725091,
    -36253.41111513081,
    -36121.89610435135,
    -37063.39782664271,
    -38851.432945316126,
    -39244.17705773054,
    -36882.28079301777,
    -33937.747735778255,
    -40928.10540800741,
    -38228.50302541873,
    -39785.77685734477,
    -40314.27874292834,
    -40154.05150856856,
    -34896.719883945734,
    -40017.51992722828,
    -32327.646406004835,
    -34766.56373535375,
    -40217.23729555131,
    -35796.96589511749,
    -37587.23665244637,
    -36788.03496436171,
    -40214.31659208476,
    -43120.975318284705,
    -37345.54921083579,
    -39104.073095404725,
    -36164.29525365921,
    -39879.54697324142,
    -37797.654818727926,
    -34559.8921557874,
    -34011.47882164811,
    -40815.986294512986,
    -34133.360513268766,
    -37926.409425173624,
    -38574.64737618212,
    -40211.9060638141,
    -33043.534654616094,
    -39714.03630155945,
    -38704.75779465716,
    -41192.37129209946,
    -40391.262292858606,
    -34239.23847756378,
    -38903.60245244357,
    -41405.50059499903,
    -40808.995821784,
    -35037.67222415754,
    -33570.62833159138,
    -36918.021054215395,
    -38706.627816525295,
    -39330.346225625406,
    -36516.59652214098,
    -36849.225201672416,
    -35934.064126750454,
    -37619.277586031174,
    -34580.68368935841,
    -34638.137294216365,
    -36271.97742165425,
    -38841.231348712114,
    -41477.54438354207,
    -34116.94086199006,
    -39547.33639305548,
    -38844.67265590655,
    -35719.78496573368,
    -41418.94338020495,
    -38728.990041911675,
    -37163.813066681054,
    -34639.91787825323,
    -39889.69577715311,
    -36734.49311457702,
    -36889.31846826048,
    -40171.74337285341,
    -36071.788395507494,
    -35039.76227043602,
    -35534.75926975222,
    -37981.80832905597,
    -36603.287935587876,
    -33028.28395234041,
    -37676.60511054499,
    -38654.311808292885,
    -37404.872917621695,
    -42093.67879978287,
    -36052.22256913224,
    -34915.87059398288,
    -34030.284808451324,
    -37116.72709959752,
    -41548.02424756023,
    -36178.061807209495,
    -40935.445106422696,
    -35779.23983672245,
    -43105.33202113728,
    -37762.60535766848,
    -40199.88243650826,
    -35556.324220704475,
    -39845.594050685504,
    -38660.1532779551,
    -35876.05874711011,
    -39741.90672827457,
    -37947.18685215625,
    -40059.64492743572,
    -37553.95370303604,
    -36701.15638603139,
    -36585.82259733539,
    -37661.00418653245,
    -37879.209152319614,
    -33107.72453531214,
    -33679.36934555838,
    -38321.63342293081,
    -34346.19779337072,
    -40111.005422769726,
    -40055.07802804548,
    -38858.5069074871,
    -38234.511275747805,
    -40902.93264551539,
    -40412.37573467471,
    -42965.20666942983,
    -39275.155581457184,
    -36379.77129689838,
    -37047.83012107764,
    -34636.59944331458,
    -30667.292469114822,
    -38296.22595621968,
    -36200.47909104609,
    -39001.6529746614,
    -41685.2048266159,
    -33821.98657374532,
    -36673.88547482711,
    -38810.543365695215,
    -41001.873527695374,
    -37933.74489266857,
    -39037.266042621675,
    -39938.74482422637,
    -39967.90183943694,
    -37596.361344269455,
    -40972.136236001315,
    -34856.67675118653,
    -39983.3863916276,
    -37519.84128003679,
    -39439.60733066079,
    -38173.17050283618,
    -39049.848323675855,
    -37565.678263386784,
    -35248.13258213288,
    -38653.3506705995,
    -41128.364558903486,
    -40791.02284182835,
    -35895.07136662205,
    -38864.32715382023,
    -36899.21981337846,
    -37300.94666677466,
    -37743.30683608004,
    -38786.54343981067,
    -39810.85095818163,
    -37171.11058876294,
    -36207.2097784763,
    -40402.012193082475,
    -43300.97303225107,
    -38709.84759956279,
    -34010.83945689648,
    -42049.87161321594,
    -35696.715037905116,
    -39504.40591136773,
    -37401.95255372311,
    -36318.27221079812,
    -39338.223521961176,
    -43583.43005638063,
    -42661.7296631004,
    -42156.72711526997,
    -38412.901350336055,
    -41133.17393649977,
    -35544.69399097938,
    -39439.542044282156,
    -38292.79241345756,
    -36500.45094758981,
    -40910.55117000546,
    -36701.43853132839,
    -37181.55779327478,
    -39439.33792039291,
    -36813.24342734185,
    -35800.242729923804,
    -41790.85520928979,
    -41019.75103739266,
    -37508.72266638159,
    -35342.639916690045,
    -37581.44484507482,
    -41907.54805971153,
    -40608.11622615477,
