{
  "actor_lr": 0.1,
  "critic_lr": 0.01,
  "stopping_episode": 251,
  "total_episodes": 352,
  "all_rewards": [
    -35839.33188240401,
    -42291.408663655864,
    -47457.34951313904,
    -49911.182818071065,
    -46966.320015748126,
    -44672.88813719068,
    -50695.40958799695,
    -52057.24643603189,
    -50823.73666307078,
    -48456.079748176104,
    -57080.03585789677,
    -53967.45263014761,
    -54757.96410404407,
    -49700.12650205182,
    -51552.83277682826,
    -54856.893593922236,
    -47975.65665978318,
    -52341.80570253472,
    -47714.858532933526,
    -50220.476743641484,
    -54864.06482436425,
    -48649.94997552127,
    -49351.15280916683,
    -50416.979266686925,
    -52123.069235534575,
    -49861.95828961303,
    -49056.809682500316,
    -53826.351198216296,
    -50905.206783786234,
    -52741.52817639736,
    -48887.40411456975,
    -46186.88014291505,
    -46900.17741720716,
    -49637.33294718531,
    -51187.98177820358,
    -56947.7515119922,
    -50087.72232815127,
    -48351.015964623504,
    -47071.10642762948,
    -52191.88504844587,
    -48829.49067551039,
    -49664.11515192433,
    -53101.7570117451,
    -52296.08638523717,
    -47391.570384222156,
    -53613.524206205235,
    -54908.228003143566,
    -50532.9935293083,
    -54525.95792807529,
    -51478.34778367408,
    -45908.83702010183,
    -47226.939837972954,
    -54374.021190846026,
    -54637.10208297826,
    -52549.83052145373,
    -53782.14672517896,
    -48296.46644873265,
    -56946.4213868557,
    -53995.127248663244,
    -50531.277030652214,
    -53266.853669664815,
    -48643.07141925952,
    -50111.7355215275,
    -48324.35688185817,
    -47820.60622907405,
    -59194.41984549959,
    -49943.69501449676,
    -47046.062980730545,
    -54338.2485267978,
    -53369.70491211167,
    -44730.1789434886,
    -49846.20640281654,
    -48612.016995676684,
    -46660.043555461496,
    -49529.66103056206,
    -43874.4401857133,
    -52714.91014777265,
    -49798.28974803644,
    -55884.97809379435,
    -49800.56779189457,
    -47066.19421515639,
    -52030.86789695603,
    -45073.39042195758,
    -44254.73595347018,
    -57738.146367216716,
    -50000.84671888694,
    -49370.136410639716,
    -51481.093905411275,
    -56260.55521660903,
    -47867.4894502079,
    -54292.65222033341,
    -54652.61399353361,
    -48514.42690719084,
    -49928.609814507014,
    -51114.86850272708,
    -48663.29046291715,
    -50527.551295854064,
    -48296.235177485396,
    -50643.0426137149,
    -49822.858391031274,
    -55748.94886514637,
    -52012.13799293114,
    -45876.41168343409,
    -56742.71274457252,
    -57474.75828606153,
    -52219.65066102042,
    -45425.55591108948,
    -52020.60581902987,
    -51772.90459143004,
    -50776.261729935555,
    -47556.401318429904,
    -48223.9784272903,
    -45138.62503564319,
    -54875.936839676455,
    -59361.7743373991,
    -45938.02585243663,
    -52321.288183749435,
    -46149.02347373411,
    -45559.95059214983,
    -49255.24938137605,
    -50321.99369442882,
    -51239.39635744604,
    -53347.645897958726,
    -45523.38894177765,
    -49745.45190216546,
    -51815.233887140406,
    -49985.98380668126,
    -54422.163214491986,
    -52521.63130967862,
    -58511.15791552555,
    -45525.71220924298,
    -50541.21047042565,
    -53616.22656913316,
    -53925.974128093614,
    -57335.29926360426,
    -55629.79967400791,
    -50934.86362341124,
    -50605.74046713491,
    -50963.50077569645,
    -50267.00911519164,
    -53693.05783797662,
    -49343.01426773948,
    -47666.41747857828,
    -48828.30448623817,
    -49829.708782417176,
    -50928.105312792315,
    -54802.89801037481,
    -47361.82591424505,
    -52505.655062862956,
    -52450.80863760192,
    -43884.028543358916,
    -47462.45843249545,
    -48417.22804618714,
    -53634.01033720104,
    -48608.976585906974,
    -54787.74119252757,
    -54486.163051199546,
    -53304.26272950466,
    -53724.97309557823,
    -50146.60567004865,
    -49184.94108489323,
    -50624.2735608728,
    -54431.60808919804,
    -53154.99408033711,
    -51648.5792053447,
    -48970.392784151045,
    -54056.31813127338,
    -54445.04001571862,
    -41835.01609971697,
    -48395.61373220512,
    -52633.61881867593,
    -51215.80697312183,
    -49413.57872501654,
    -49680.34176676804,
    -49436.04122096987,
    -48515.94794512751,
    -51438.629224146745,
    -58708.20566064512,
    -57535.53164295703,
    -50012.05783790885,
    -50022.16619856999,
    -54401.21498959699,
    -51208.83911670674,
    -49692.09069379117,
    -53538.19198799069,
    -51380.10134411182,
    -53071.13849235227,
    -54506.116957807426,
    -48278.923001952084,
    -52412.59013837626,
    -54347.000321808664,
    -50420.63304451435,
    -49767.313444308915,
    -49827.766588441635,
    -46551.188692458076,
    -45817.4927157222,
    -54143.3366016347,
    -52996.30047862838,
    -57109.42858487892,
    -48281.87915882454,
    -46322.12949901674,
    -50331.73343136116,
    -51252.416332270164,
    -56221.06416194097,
    -51441.59019426345,
    -49265.47273085021,
    -54469.84142078556,
    -53404.15069945705,
    -47520.2295896781,
    -50024.401581021375,
    -51230.68761723023,
    -55425.72993889349,
    -44867.8276117323,
    -50483.74330562941,
    -45704.25990699301,
    -52050.00451314793,
    -57576.96853038944,
    -48582.29162457392,
    -52786.36852669543,
    -50176.26736498095,
    -57273.65388236281,
    -55463.49026054153,
    -52634.2731520895,
    -49408.32776996219,
    -41149.36584074411,
    -51141.91868331931,
    -57269.74231863408,
    -48674.275402083076,
    -48795.18883251949,
    -50478.64286912535,
    -49878.778431720915,
    -49080.00731540879,
    -51383.86200627121,
    -50348.57077905921,
    -48638.12266186678,
    -51511.28059427157,
    -49024.47222704564,
    -51686.91766887905,
    -59307.00726318156,
    -47683.58881141699,
    -51344.77659104286,
    -57702.87696919042,
    -53696.39665610706,
    -50794.293377103444,
    -56373.9242051116,
    -46544.52050085405,
    -51211.78454625872,
    -49418.02262901384,
    -51135.81720793139,
    -55772.44651652864,
    -51529.659639069,
    -51094.47756143833,
    -53026.7023897168,
    -46064.62326738871,
    -58682.20549939574,
    -60097.89975140964,
    -48864.48893954988,
    -51445.59150521235,
    -53357.9276844235,
    -56434.62995286285,
    -62394.783215994255,
    -50589.79236324978,
    -50621.08355470103,
    -52819.340646867466,
    -54477.62922029469,
    -56022.40412266554,
    -54337.68337455383,
    -51207.1961126248,
    -55739.94320324524,
    -49053.41333036433,
    -51926.590384425755,
    -51678.114287654884,
    -51553.421284242664,
    -52671.55648465879,
    -49823.29646879582,
    -48014.95186181988,
    -49394.34063687196,
    -55544.08794159631,
    -54150.69358473747,
    -49628.06460042928,
    -49554.055869780896,
    -54826.99547926732,
    -47589.37289432466,
    -51410.483003816145,
    -55664.27402178413,
    -57125.30191736876,
    -51120.270108525896,
    -45481.731850119744,
    -51071.75094708354,
    -51929.48578225977,
    -46977.90682983541,
    -48149.42005708634,
    -51923.49371391858,
    -51659.887058431836,
    -48481.4354039133,
    -53805.27088043153,
    -47304.68610878451,
    -50938.737528186495,
    -48897.11831509814,
    -49959.24291006496,
    -57342.82435870985,
    -54923.489215249516,
    -49934.15681317653,
    -58257.40175817595,
    -49991.60673068411,
    -52994.54542081231,
    -55199.839617384954,
    -52213.037994522616,
    -51398.584740761034,
    -51624.54250433388,
    -53117.92179435886,
    -43723.93961839073,
    -55230.298645039715,
    -59581.32976236196,
    -49234.90078132041,
    -51922.116991342635,
    -50773.070324089626,
    -48925.989116244134,
    -52834.10048592331,
    -49149.075484852365,
    -55727.336861190124,
    -47780.278402590484,
    -45346.202688205296,
    -52724.68599619409,
    -49445.56672051193,
    -45992.06368663138,
