{
  "actor_lr": 0.0001,
  "critic_lr": 0.1,
  "stopping_episode": 696,
  "total_episodes": 797,
  "all_rewards": [
    -49496.001725654314,
    -56874.74889186885,
    -49577.084820979515,
    -46760.01070316863,
    -55079.392256255334,
    -49379.90452444035,
    -50506.63103237426,
    -53404.94885962992,
    -50053.3228552729,
    -51379.66372262026,
    -58061.1226613096,
    -46197.39497221977,
    -48409.72212976881,
    -50034.956225292,
    -43334.24174733658,
    -47076.94263454692,
    -49506.98605397238,
    -43844.6778545232,
    -41965.65815556335,
    -43271.630674492255,
    -44069.17914087596,
    -53812.788476494796,
    -47715.57191613063,
    -50005.17549502256,
    -46670.60001065184,
    -50098.245596877365,
    -55371.732207832036,
    -55344.16376435486,
    -47882.029034938976,
    -51205.06172354572,
    -56907.96133075301,
    -53882.6287973938,
    -54778.89643221657,
    -53031.73764421184,
    -59925.595505694684,
    -54534.343625680194,
    -53156.022535036085,
    -51018.25352289545,
    -54984.441161379895,
    -52455.416284172374,
    -50633.27725050335,
    -51091.94175908617,
    -52535.69148723139,
    -58069.078591739315,
    -55316.30970228328,
    -54572.37323066789,
    -58539.4142095354,
    -50395.14754013037,
    -53746.92918615135,
    -53602.58721341139,
    -50993.139424228735,
    -52036.080026098425,
    -51612.85927796668,
    -50990.75677885544,
    -59033.134549417024,
    -50941.30096445083,
    -54984.41474168739,
    -52283.40384060939,
    -52901.40807870672,
    -52781.249966790274,
    -61160.52207761032,
    -47990.660075512744,
    -55832.215253222996,
    -64974.70848521813,
    -55652.15636008489,
    -54991.45971494755,
    -55448.77722649406,
    -52005.924047920125,
    -56863.53375902804,
    -55305.0933864682,
    -63393.834016282824,
    -60786.77400572333,
    -50537.31247545706,
    -56532.13911903105,
    -58671.56263835073,
    -57233.63605783514,
    -54278.19315446725,
    -55695.718697067794,
    -52880.819217815464,
    -57027.937544037166,
    -57056.98292175686,
    -54132.63691623219,
    -61211.22715198335,
    -54351.76252734024,
    -56662.10350742591,
    -52747.652031156875,
    -60187.84528132397,
    -61140.41920309954,
    -52687.33994163748,
    -60251.85498157886,
    -65682.29679167364,
    -57530.19541954028,
    -48548.60127557192,
    -47920.92986750362,
    -54079.786357150195,
    -47037.1888871124,
    -53262.84771909232,
    -57155.96730231869,
    -55366.39785993589,
    -53488.37891388401,
    -55239.94317188558,
    -52065.90423914145,
    -54825.079052637324,
    -57452.614918382926,
    -56690.83184912212,
    -58291.67820203434,
    -55944.40376604244,
    -57686.66464759704,
    -49574.456187557604,
    -50226.55403310061,
    -55869.223876841774,
    -57341.67404268383,
    -49889.2194929704,
    -46502.41800626731,
    -58198.099097943035,
    -49870.746234119884,
    -55194.83430907873,
    -54090.30776821758,
    -54092.04873925233,
    -49780.134711658684,
    -51672.24367648592,
    -49844.1903798887,
    -49094.36683394201,
    -47514.61900173489,
    -57558.34720211673,
    -52643.50949722203,
    -47786.403963012264,
    -53335.84929792672,
    -53048.25243861199,
    -54299.842180578744,
    -51927.45768748401,
    -55503.32707833563,
    -48516.18765212742,
    -48920.66480079414,
    -59390.992221560264,
    -48097.79226310986,
    -55690.01177673697,
    -55444.74876251707,
    -51066.715082765724,
    -45990.827338282674,
    -51858.19137425594,
    -53407.6844268993,
    -54123.55085764469,
    -56025.289264934625,
    -58637.37111632838,
    -49671.33360257583,
    -52507.89238381142,
    -51741.69638315289,
    -55538.633592210856,
    -51122.36520820407,
    -50986.137470674345,
    -54612.96447750282,
    -55420.85792895339,
    -50816.772585683306,
    -55721.60893632661,
    -52907.96190327136,
    -58848.41875431857,
    -52181.812665630576,
    -50859.30952229158,
    -50516.42589849318,
    -53451.324859993314,
    -56545.043350082204,
    -56302.53660906885,
    -52042.35223841447,
    -52797.22086681507,
    -58947.10663360458,
    -59282.075026273385,
    -56871.86996412421,
    -59498.01817649278,
    -53212.95443452989,
    -52943.58950949639,
    -57623.865027256106,
    -54689.7805823254,
    -58290.443524430746,
    -59409.52453361386,
    -50075.23435606024,
    -56463.94199171413,
    -53270.80660182342,
    -48756.19226667895,
    -53157.39089737355,
    -62572.63156653143,
    -50875.830502430224,
    -54088.69903325133,
    -54271.05629129638,
    -55603.1671214213,
    -54262.63028500505,
    -49690.22207984603,
    -52570.63930027561,
    -48605.68082552429,
    -46973.29252613211,
    -48118.9056846405,
    -49207.37293674059,
    -48859.727722418174,
    -50946.518772556774,
    -53074.51826397131,
    -54511.194355509586,
    -52556.04657736827,
    -50683.881992522525,
    -48979.89385255479,
    -51536.497447044494,
    -50994.41799115235,
    -55901.63221030726,
    -48216.59553789678,
    -58733.8774435155,
    -53325.09919942049,
    -54158.6286646576,
    -56393.83526654365,
    -55107.55488499921,
    -54662.55728503117,
    -57426.58631297583,
    -49746.643433005716,
    -46041.17751980804,
    -55043.25400805796,
    -58494.021442249636,
    -49553.224520528514,
    -60017.22651541388,
    -53322.87464339977,
    -54792.14418329469,
    -51783.58879770114,
    -51338.16375975669,
    -51429.834868673344,
    -49597.7634204945,
    -52760.36134294836,
    -51010.53912796122,
    -49340.62856117985,
    -50799.94189202282,
    -52634.97348958276,
    -49160.14589232748,
    -53668.732290529944,
    -46715.011546563546,
    -47180.06578008741,
    -52511.65614407412,
    -45412.31713171795,
    -52130.071191593874,
    -56590.41166964609,
    -53313.583400098476,
    -54605.25531608489,
    -56099.282087640655,
    -59031.047270531606,
    -57427.79672728359,
    -61722.56171246863,
    -51662.56335101217,
    -53807.11011282824,
    -55916.30482701101,
    -51111.10414662632,
    -50219.59914540021,
    -52383.458275548066,
    -51358.59039443036,
    -54266.571878563605,
    -53808.75854191966,
    -48599.626251487265,
    -59563.62406129089,
    -51479.04357031935,
    -55858.28717057976,
    -56179.131752170266,
    -59779.32937326726,
    -58390.67184484902,
    -55907.258387403235,
    -55349.01796817267,
    -55072.531274983834,
    -52408.59945352336,
    -53290.57580544987,
    -67296.97832684637,
    -59159.63711851312,
    -54109.28052774513,
    -55909.864372884316,
    -50548.00943209746,
    -60992.24193462709,
    -54047.76408766204,
    -51597.22802183276,
    -60632.29960789768,
    -53723.3833308144,
    -49470.550261827986,
    -58365.52115779088,
    -58581.95395084484,
    -55131.551108041356,
    -60844.80484007794,
    -56114.809219370945,
    -54873.397679786525,
    -55352.26982405126,
    -59063.32800725187,
    -66549.56807396421,
    -60941.12321152045,
    -52436.06457268516,
    -58672.02811354614,
    -63841.37905809699,
    -59958.69913758214,
    -57508.241552745094,
    -51742.23084585991,
    -56929.56510795694,
    -55102.05184329569,
    -46543.23310433729,
    -58374.00951297638,
    -62851.54507351708,
    -51510.18817697409,
    -55729.91198827479,
    -53538.59276779941,
    -61793.09430763845,
    -53453.98208451131,
    -51304.74406926692,
    -62898.341399209865,
    -57733.22918054647,
    -60093.95207861473,
    -56330.112457555784,
    -57080.74200583053,
    -56303.648856729254,
    -55249.14628303907,
    -57493.88460160832,
    -54284.49924634151,
    -61976.87844147001,
    -60963.95611757387,
    -55014.54805391826,
    -57477.24175995038,
    -55756.434856814274,
    -53252.727278797705,
    -58231.4905190561,
    -48032.31701836536,
    -54959.50891274842,
    -56987.7893847935,
    -62121.180849321456,
    -62670.40195284179,
    -52671.014468480105,
    -53099.43563456269,
    -60188.2835808613,
    -55965.60508096043,
