{
  "actor_lr": 0.1,
  "critic_lr": 0.1,
  "stopping_episode": 161,
  "total_episodes": 262,
  "all_rewards": [
    -43676.77841006288,
    -41495.28573225882,
    -52523.25843826006,
    -50380.78662849821,
    -53226.03232454384,
    -49358.759855673794,
    -54566.12826654269,
    -55166.190567508624,
    -43970.278786736075,
    -46640.04351476772,
    -51108.43843157719,
    -48007.911065682325,
    -54068.18057568705,
    -51039.45136444634,
    -54695.5541552092,
    -49227.729336612065,
    -51967.458216882726,
    -51937.62592712049,
    -51862.0109987304,
    -48566.03306578327,
    -52076.49432928339,
    -49715.48834025663,
    -51441.10310481991,
    -54087.782900760365,
    -53082.620889655846,
    -53649.73793877931,
    -55565.78595674892,
    -48254.16106216634,
    -45727.40091290693,
    -47122.0909937816,
    -53309.049494599014,
    -53487.73930975514,
    -47411.29310898647,
    -57287.05106655053,
    -54054.3101831437,
    -46848.79301994889,
    -50175.44665103788,
    -49736.24375291998,
    -44845.37950284636,
    -52574.240276312164,
    -47847.79658224913,
    -51218.152976287,
    -59726.7516889965,
    -55478.49828684506,
    -48301.40487176817,
    -45138.47205721738,
    -50217.47150323688,
    -51944.25763854255,
    -49996.892510355654,
    -48592.03939176707,
    -48792.68555750489,
    -48221.502414814255,
    -54854.173770122165,
    -49840.36591641528,
    -50869.74586231702,
    -51780.59054715973,
    -50883.37467278481,
    -49854.249642737894,
    -50519.76154789336,
    -48768.13131666137,
    -49784.501528201974,
    -52865.36805319612,
    -44958.54323795368,
    -48546.34151414124,
    -49846.35231936761,
    -51611.50005760204,
    -51967.7723550152,
    -53694.7950371674,
    -47359.129780343545,
    -51376.645068527156,
    -45124.69932653455,
    -44886.82177573181,
    -52002.359936338195,
    -50300.08747518038,
    -45787.59395831205,
    -48676.7208009036,
    -48081.976617634085,
    -43251.76086999427,
    -51437.6809926065,
    -54375.37257386927,
    -51292.41369066343,
    -48516.044599413486,
    -52326.961591661595,
    -49347.947933641335,
    -51586.8806286616,
    -53647.27973797991,
    -55176.36980142252,
    -49321.23870987338,
    -50739.650196527145,
    -50954.33428897474,
    -48751.76465679673,
    -55980.065560854724,
    -48960.02989910163,
    -52568.68819411055,
    -55006.60840577782,
    -49244.40454178334,
    -46679.2506811699,
    -47604.65730155061,
    -52833.95626124019,
    -47685.43661696208,
    -49141.42566897495,
    -50029.78636659789,
    -45520.92907940965,
    -49863.337265137176,
    -58675.98911794915,
    -49225.216658427926,
    -54619.67921957342,
    -49631.598421746734,
    -53781.9992728297,
    -51660.97607163219,
    -51413.9625681834,
    -44485.348984589684,
    -46602.47588276083,
    -50612.56145664139,
    -45232.42121851312,
    -49422.89083097526,
    -53656.303666938424,
    -54326.62484692822,
    -52268.36322528876,
    -54626.61882276265,
    -56102.202127596465,
    -54956.18224205185,
    -55275.10773967712,
    -46982.42748587972,
    -51653.1917947123,
    -47910.845587309646,
    -48358.28878008832,
    -47037.65795870958,
    -48020.9795140435,
    -53994.35810527275,
    -46009.29954613673,
    -52103.9275099681,
    -47980.45195784517,
    -48796.63749779631,
    -52147.940566441845,
    -50535.19729311034,
    -49992.1045727992,
    -54133.43567595933,
    -53557.91212345855,
    -56980.181236717246,
    -57717.88951512355,
    -52324.95538488387,
    -50139.212108412794,
    -46665.23433983007,
    -53382.56031656591,
    -51239.07927535704,
    -49150.22955775744,
    -51334.268253792594,
    -50058.21067179753,
    -53224.64083532657,
    -51345.1060322032,
    -51061.41114694703,
    -45646.73055327991,
    -48997.63596483119,
    -51841.42649773837,
    -56154.047011674345,
    -47600.70204596479,
    -45773.84139575113,
    -46862.71885176427,
    -50560.72931449168,
    -49623.123933627954,
    -51291.06094190937,
    -48546.04316376422,
    -50322.76106909496,
    -49667.97845797174,
    -55886.63148908749,
    -52373.87430870194,
    -51230.898994023286,
    -49543.337251478275,
    -50517.818402343444,
    -48058.478601141054,
    -55276.47935558327,
    -52224.16175125902,
    -53302.686428846246,
    -52730.829964409786,
    -51717.345217530914,
    -48100.97137454004,
    -47338.6054544301,
    -50030.60053119136,
    -50228.328726023494,
    -52981.111142868904,
    -50018.50754579555,
    -54588.82755514661,
    -57433.481768295445,
    -52746.52901715994,
    -52118.45844889853,
    -55846.7680739888,
    -48721.305773304855,
    -52063.336958177235,
    -52010.20744478125,
    -55144.597372004566,
    -51715.817231533365,
    -51770.799425004945,
    -47367.05895927696,
    -50185.87356453721,
    -51251.5433706943,
    -48708.621644785555,
    -58733.161611813994,
    -50614.83797122027,
    -58762.20410920193,
    -58585.57091042833,
    -50477.097161546386,
    -45881.10074510559,
    -55206.71240387423,
    -51153.26384576838,
    -54449.846081191725,
    -47750.55545727643,
    -49150.917888014446,
    -58105.67052260385,
    -57984.34728336859,
    -51359.20589025914,
    -51762.57437091894,
    -50562.48485299688,
    -48913.39343239157,
    -53320.05896432897,
    -53599.14246716867,
    -53257.62756548566,
    -55128.387678048966,
    -50543.00443190038,
    -54176.762432421965,
    -51760.15379160445,
    -51624.675032106585,
    -51509.80327974251,
    -54611.30629956903,
    -53378.86232426281,
    -54569.814027667395,
    -51516.70384357501,
    -52692.647440777364,
    -46491.658292091546,
    -53933.63790577247,
    -53098.426625978704,
    -49583.36300952815,
    -50085.28144526123,
    -52794.99690483296,
    -51708.65432517961,
    -49095.49906032224,
    -48074.15671228956,
    -50707.25685938004,
    -50170.2884015943,
    -54278.76299724564,
    -54953.101870463026,
    -46536.62380554929,
    -51021.67857726561,
    -47953.02106143254,
    -49459.32874141599,
    -57001.70972070781,
    -53024.93148581416,
    -53517.35006875891,
    -58398.591253583756,
    -53726.47612212374,
    -53227.92378076295,
    -47648.695755908964,
    -58624.16859900062,
    -50521.90192122333,
    -50574.610166985585,
    -48880.511897488155,
    -50524.2521960089,
    -51561.71408204932,
    -48846.667823103206,
    -48000.213913429616,
    -53929.250826297335,
    -52608.36538273602
  ],
  "final_reward": -52608.36538273602,
  "per_actor_stopped": [
    161,
    161,
    161,
    161,
    161,
    161,
    161,
    161,
    161,
    161,
    161,
    161,
    161,
    161,
    161,
    161,
    161,
    161,
    161,
    161,
    161,
    161,
    161,
    161,
    161,
    161,
    161,
    161,
    161,
    161,
    161,
    161,
    161,
    161,
    161,
    161,
    161,
    161,
    161,
    161,
    161,
    161,
    161,
    161,
    161,
    161,
    161,
    161,
    161,
    161
  ]
}