{
  "actor_lr": 0.01,
  "critic_lr": 0.01,
  "stopping_episode": 238,
  "total_episodes": 339,
  "all_rewards": [
    -41505.199843046736,
    -49382.70285891497,
    -57689.757172490994,
    -48940.37438787588,
    -56275.29859340757,
    -56346.821785075765,
    -48144.55472675669,
    -54593.312698261325,
    -57248.810962420626,
    -52217.3880550134,
    -59741.498049691516,
    -61418.136558444254,
    -54972.540158364376,
    -59881.83908513853,
    -58242.9946539979,
    -50004.60894985919,
    -57107.5951806459,
    -55264.76498074675,
    -55611.367315791045,
    -55581.2555804944,
    -59887.7775331858,
    -60754.06694770256,
    -52106.295977507565,
    -61974.287839729666,
    -56338.271982751845,
    -57641.65357571482,
    -55453.41501675153,
    -56207.782869151255,
    -51754.82182420007,
    -59798.39549139063,
    -55456.50829645382,
    -57063.27287433488,
    -56140.228196376695,
    -61962.479764970325,
    -57213.617001211904,
    -55077.31273443377,
    -57725.90019852219,
    -54914.19961731151,
    -49825.14019506375,
    -55296.58925480426,
    -55744.95815390208,
    -50401.046347116215,
    -55276.099314727115,
    -59450.050849178624,
    -55663.24062035264,
    -53758.858079592515,
    -57188.15167498744,
    -58133.93057023261,
    -63595.56289913327,
    -58862.93963742454,
    -57105.800016146975,
    -58836.79673889508,
    -60390.41406327038,
    -59179.386802081084,
    -50091.34114298978,
    -48264.73198439152,
    -58381.85685409891,
    -58015.076680853905,
    -58505.80491644699,
    -49746.739537198766,
    -50064.90983370731,
    -56196.06467547768,
    -62019.59652583625,
    -60768.546076133556,
    -55990.315855797126,
    -59343.64895543663,
    -60521.82402541341,
    -55223.37339465275,
    -55891.572999661286,
    -55940.96963748827,
    -60663.32902275829,
    -56438.788195172645,
    -50112.555275524835,
    -54203.60975593499,
    -52217.781018847774,
    -55240.63704612392,
    -56670.273041163346,
    -54279.44383220106,
    -58558.38816622793,
    -54420.13315703871,
    -57485.44152113749,
    -61246.131317447354,
    -65364.03605658643,
    -47074.17166705698,
    -56018.21696732665,
    -58909.95710711019,
    -52570.00661506245,
    -60182.6422998977,
    -60637.960976909875,
    -54833.68693103608,
    -50450.49233503814,
    -58328.11658102386,
    -54426.19270876256,
    -55445.823093564686,
    -57629.33563538494,
    -57055.80570856863,
    -53536.55449064756,
    -53213.84835942631,
    -58308.278018752164,
    -54366.53487149245,
    -54544.19231669051,
    -51558.1598060627,
    -55995.61167222059,
    -55882.24936779465,
    -63551.55547734574,
    -58646.01191046351,
    -55894.662874143,
    -54154.27024734529,
    -59262.13713305724,
    -56775.58836282375,
    -62129.62429244144,
    -54919.19963298234,
    -48315.08229443471,
    -59778.689796576626,
    -56737.05302979172,
    -52387.83018873005,
    -58623.35303074553,
    -55853.14124431945,
    -54106.5392890912,
    -55871.252977835116,
    -55733.25426491484,
    -55303.23647864932,
    -59340.08928551372,
    -55485.738167083065,
    -56558.457270956016,
    -54613.96808180946,
    -58326.696846357125,
    -52638.43175797247,
    -56581.86618365477,
    -55497.64721967153,
    -52814.73294789488,
    -51480.43070526788,
    -55185.56602028817,
    -53153.1245114207,
    -59209.22528895415,
    -57321.19514837822,
    -56240.64859510991,
    -51479.73494350736,
    -52992.338285314814,
    -47792.24731639685,
    -58457.14057153296,
    -53668.05405437795,
    -55784.39168446395,
    -57798.83901058908,
    -57782.29959956752,
    -52314.12042119117,
    -56425.777542528514,
    -58007.58206129565,
    -53909.544089973424,
    -54796.07419301714,
    -53929.41728149782,
    -56775.93018977296,
    -54577.87301563029,
    -56639.50113967594,
    -52810.71603612081,
    -53002.24991551854,
    -61759.68260516864,
    -58983.39364424549,
    -57517.33009497876,
    -59086.708100959426,
    -62704.851386811744,
    -56417.962872189324,
    -51964.28466377542,
    -59698.27122084549,
    -56955.08828333042,
    -56921.04216238255,
    -54450.52980967691,
    -57000.764325505974,
    -59668.540919748106,
    -56789.6231469014,
    -56830.801101772086,
    -56998.31722598284,
    -59363.7829536406,
    -54161.54526616868,
    -56779.64521071631,
    -53930.18864716476,
    -49100.57405196856,
    -55633.51488022527,
    -59195.15153260285,
    -50794.37877976133,
    -57575.89717373171,
    -54821.99652176136,
    -60772.960173149666,
    -56378.86719797495,
    -51606.63736267117,
    -57256.36447126667,
    -48690.49917606455,
    -55745.53604586411,
    -62160.35476041108,
    -58260.54366573574,
    -55212.97901541329,
    -58285.08801464967,
    -57484.606003732406,
    -61622.76858262834,
    -46376.58849818628,
    -51747.9451179693,
    -59738.505003872015,
    -60016.23020214708,
    -57135.51841706129,
    -53281.834201072474,
    -59810.11738149029,
    -51380.29186412663,
    -55952.28086553543,
    -53850.658671433404,
    -57111.08273252039,
    -59687.35581964867,
    -58925.53883846159,
    -55346.55463661615,
    -61080.85673876591,
    -57469.29717907098,
    -55367.56091644097,
    -55275.19151305168,
    -57823.93239123178,
    -53751.63327604297,
    -59679.400801603835,
    -54294.63974701764,
    -56164.61408539338,
    -54130.63322566905,
    -50698.781986503745,
    -59385.040818726244,
    -57985.75996296893,
    -61056.049080486846,
    -58379.81733853464,
    -60948.74264541796,
    -53450.16760218876,
    -54986.98735737638,
    -59491.717750290736,
    -50717.77868000859,
    -56646.93032094141,
    -56730.40653936645,
    -57256.546871602484,
    -61160.7840645291,
    -58877.47713999364,
    -55479.08193416269,
    -52384.78391499294,
    -64575.38476051377,
    -55491.79681115273,
    -55534.96832580872,
    -59192.31950992939,
    -56797.319363576775,
    -60998.622803859784,
    -59823.36711159374,
    -61081.3162473385,
    -62131.609144605034,
    -54100.78524238404,
    -51626.52947648786,
    -58991.98488352839,
    -52613.497781553844,
    -51275.74578152473,
    -55742.23868242944,
    -57561.68742413223,
    -58348.073264166786,
    -52961.93098797192,
    -54952.525102277075,
    -54487.31339694415,
    -58796.12388341401,
    -58040.887175200434,
    -64445.313594498235,
    -58370.91119358998,
    -54306.46637584053,
    -63559.42377160701,
    -60411.738293790055,
    -59587.06030458378,
    -51700.20646177216,
    -60555.125574251666,
    -53138.0809965621,
    -60353.79650932017,
    -60817.84990965284,
    -62982.736098724476,
    -59201.3654321271,
    -59421.12505586338,
    -48751.8948747441,
    -54843.9899362874,
    -58821.19531602732,
    -57536.63038802563,
    -54608.036787616176,
    -50801.243871146,
    -61484.6979835949,
    -61190.3922476893,
    -55672.45962787791,
    -52323.31183275827,
    -57025.03641796383,
    -55542.78299238834,
    -60322.70375122518,
    -55043.79411038526,
    -56891.89346332597,
    -56507.889105776056,
    -55004.24263648957,
    -59346.04097768392,
    -65482.97294800973,
    -56531.57113240533,
    -62370.88657316219,
    -55392.277268339894,
    -59350.1880255581,
    -57623.1653796127,
    -50715.12823941374,
    -58504.125514092244,
    -56400.28320364082,
    -55858.66029108833,
    -53773.408671344354,
    -61038.43599174606,
    -63528.40431332357,
    -58764.120283470664,
    -56871.07071357949,
    -53474.943771122424,
    -58648.89940709958,
    -64143.660356864726,
    -56929.09304389889,
    -57482.64049513996,
    -56119.58079458115,
    -60354.29402542653,
    -55191.52679462926,
    -56188.185603852886,
    -55700.400639233405,
    -60906.80236358865,
    -51455.6439247051,
    -58092.21197833628,
    -54900.75902352695,
    -51236.334780199075,
    -62892.11181107393,
    -63104.720413508934,
    -56598.286113383365,
    -54819.652380738575,
    -56988.42453493787,
    -49494.739451416215,
    -58301.019909071045,
