{
  "actor_lr": 0.01,
  "critic_lr": 0.0001,
  "stopping_episode": 276,
  "total_episodes": 377,
  "all_rewards": [
    -52836.56878967821,
    -47544.97799834,
    -46264.031434902616,
    -52121.35563652888,
    -43906.7199743817,
    -51599.93624395592,
    -43102.089830021316,
    -43782.50076840899,
    -49737.005635655325,
    -48216.284385538514,
    -47371.91880828752,
    -52391.06747665238,
    -47689.60934856991,
    -46360.53982008469,
    -48613.96637991145,
    -48528.52252242856,
    -51627.34404598026,
    -52181.66247730127,
    -54287.99323180434,
    -46511.11269970432,
    -48692.54736572377,
    -48409.8403545607,
    -56262.52140575058,
    -42566.86898505972,
    -49546.086147265494,
    -40682.19640529711,
    -47512.34775987358,
    -49066.97153498611,
    -49357.26059015152,
    -39513.57956867815,
    -44469.45137398304,
    -49482.64694778327,
    -44790.97291547378,
    -45308.71638885734,
    -49564.39526086097,
    -49087.01320199508,
    -50783.701737439005,
    -45470.35327345651,
    -45080.14961846398,
    -46081.0522344508,
    -46276.68548760829,
    -47697.10423744711,
    -44407.13414635779,
    -47184.52754186307,
    -52876.648307309784,
    -45495.52510408887,
    -46424.94744087412,
    -49070.12634208977,
    -43110.72841039451,
    -45825.02784377508,
    -45630.47286322348,
    -41786.708267665425,
    -38582.21538136364,
    -46965.81418717137,
    -43497.84289554449,
    -42813.702944510245,
    -43615.832255170106,
    -42708.30000463097,
    -41743.28291248626,
    -42653.969525499604,
    -45240.68187924813,
    -46774.692965180206,
    -46821.064680712254,
    -43326.212873771634,
    -50530.938145407796,
    -47349.911959688354,
    -46420.03424336292,
    -43721.1404595468,
    -43490.10996047219,
    -47213.89310058066,
    -43951.65921620858,
    -51898.41013651248,
    -41386.02750400924,
    -44134.53743303735,
    -48339.73340532468,
    -51732.56579628083,
    -45082.6211470522,
    -42986.56803538236,
    -38338.529876857225,
    -46542.75129091817,
    -37515.1326186505,
    -45491.821713394005,
    -45178.08882602769,
    -44819.579990994476,
    -47250.51072114232,
    -43520.35340614914,
    -39081.91589522851,
    -46388.15112538819,
    -42684.04956875056,
    -52230.140718830706,
    -47819.6174559031,
    -41827.15515917826,
    -49134.61069841248,
    -46059.87079609367,
    -46033.82422998093,
    -48700.03268209222,
    -47502.53179156592,
    -41480.7524855719,
    -45102.15329440112,
    -49655.12845382694,
    -41992.70855149664,
    -43847.34993020809,
    -46706.599374460886,
    -43025.36003119009,
    -49130.448118310895,
    -50908.16014673169,
    -47893.97894813825,
    -51623.322878253275,
    -45211.50981904473,
    -51336.37673299809,
    -41377.469623627454,
    -43083.78042435773,
    -42269.42701177822,
    -42143.41646664001,
    -44235.404195771494,
    -42209.495907550576,
    -43758.16347022357,
    -43092.507351157765,
    -47013.271162453006,
    -45744.35578462049,
    -47113.510527985236,
    -50936.23026984939,
    -50016.19036876927,
    -39580.702739774344,
    -48162.48180476211,
    -43462.12216856575,
    -43123.657978245814,
    -42936.97643362902,
    -47798.443451749066,
    -48243.4837384098,
    -44037.91720108191,
    -47141.28133067292,
    -43821.73471300652,
    -39250.519442500015,
    -47613.79952842851,
    -39742.663027181094,
    -46030.622828941785,
    -44249.063587592434,
    -43093.31670651803,
    -50548.33464177954,
    -42933.08444488182,
    -50997.516754783974,
    -42577.00046287316,
    -45351.95838411841,
    -44292.99610153357,
    -45828.63475168826,
    -41068.930825751704,
    -48889.846456693354,
    -44922.00704126641,
    -43040.1869334552,
    -44750.22414751222,
    -46456.57034859118,
    -48384.36507335107,
    -46693.43645352631,
    -46682.175597936875,
    -50145.426870118616,
    -55544.24538243435,
    -45715.38467257781,
    -45226.400238597176,
    -45416.85940332499,
    -48499.67525192333,
    -39238.21868013119,
    -45915.131479916025,
    -53963.300589848564,
    -48432.863422455135,
    -42386.817676181614,
    -40319.03291509364,
    -52242.35268019901,
    -47125.78761010393,
    -47562.39226356786,
    -44671.284281371794,
    -42784.83631653007,
    -51057.309387638335,
    -45143.400844315634,
    -41053.791295893556,
    -46680.59029929654,
    -46971.53083608669,
    -51713.15211447274,
    -47112.36675522527,
    -39550.22517203257,
    -48797.764035786386,
    -45258.80257356985,
    -44565.40856435756,
    -48196.36100320241,
    -46398.58309498317,
    -40611.75564144914,
    -47082.03332198661,
    -40466.26565989013,
    -43179.11310832337,
    -41047.641724614055,
    -43216.17953265609,
    -46888.556262568745,
    -47314.82444642107,
    -40833.96161765217,
    -42985.45651951148,
    -44680.359919154806,
    -42738.06723418823,
    -49047.58269065295,
    -44794.52292664316,
    -45762.490816888574,
    -48271.101590607024,
    -45978.182630069554,
    -46713.68362728692,
    -42971.82177735935,
    -49106.95843694009,
    -43528.27385555402,
    -46553.43802576226,
    -46777.85513352836,
    -51650.91529945598,
    -44144.290761589786,
    -46085.59498450897,
    -47112.7773167031,
    -37461.31602906901,
    -48571.06612924242,
    -44026.90087885195,
    -40105.10431075968,
    -50337.331693122134,
    -40655.38039675402,
    -47753.1230863067,
    -50305.77808582105,
    -42718.061208198225,
    -43915.761697855676,
    -49921.76746182758,
    -41855.198856913936,
    -43569.152404442524,
    -49523.34287624578,
    -40772.4574429008,
    -45271.40150180845,
    -42464.561867377386,
    -50646.42877643324,
    -44698.84151629704,
    -47277.140197392895,
    -40445.187401306546,
    -44547.59668643541,
    -46744.539731939505,
    -42719.966742137956,
    -43827.064650174674,
    -39468.61916886789,
    -50168.53565777617,
    -46487.41946754593,
    -40577.93628551213,
    -49685.70169708057,
    -44251.64648662398,
    -45454.93888138598,
    -40913.29370684598,
    -42447.50472184915,
    -50053.988562667946,
    -49425.6129683052,
    -42749.44892319428,
    -48146.60201308757,
    -49336.2768276249,
    -44714.08966724629,
    -46108.2767640505,
    -49353.43374477513,
    -50422.801290484145,
    -45346.86988597404,
    -49291.97455582492,
    -46247.305787048586,
    -45454.83840320364,
    -44016.84545389639,
    -41450.612179535354,
    -44415.14530739483,
    -49073.012079266504,
    -42841.334570533974,
    -45011.243074678816,
    -39866.58478154648,
    -48065.69141458631,
    -43980.606196975365,
    -43252.59496922901,
    -48030.838048084566,
    -45305.155742403156,
    -51482.871930940775,
    -39514.037901695025,
    -46990.3248396934,
    -49231.94431299023,
    -49163.75655212667,
    -45060.68433042176,
    -45946.962313889846,
    -42165.16804647733,
    -46414.18865734937,
    -44197.717006477484,
    -46298.48035240276,
    -47240.418149580015,
    -45858.34935585682,
    -52144.11267269993,
    -47002.72573118475,
    -47176.78394949862,
    -40790.56871205876,
    -45459.85592441476,
    -40869.72447985408,
    -39414.067501878926,
    -44639.33957259573,
    -41086.69350372772,
    -45967.65470055335,
    -41259.51389652396,
    -47357.54948808696,
    -45243.899376082474,
    -39850.52521015954,
    -40271.874334449065,
    -41075.19072379678,
    -46066.50602611784,
    -51948.83259785327,
    -44857.238309807115,
    -48875.708388149775,
    -48371.5731696581,
    -47951.74501219331,
    -46159.03002382789,
    -41111.23097856983,
    -45187.77050167192,
    -43085.1161159418,
    -43692.38620731738,
    -48322.64401322148,
    -43913.08889151142,
    -45708.570134736205,
    -43669.68479269192,
    -38608.96804654137,
    -45918.92834147293,
    -44451.29042592914,
    -40863.51821488376,
    -44142.26362295984,
    -41895.32458012329,
    -49125.848531803545,
    -42734.1633217378,
    -45564.35356422315,
    -47739.82212694017,
